<?xml version='1.0' encoding='UTF-8' standalone='no'?>
<section xmlns="http://docbook.org/ns/docbook" version="5.0" xmlns:xlink="http://www.w3.org/1999/xlink" xml:id="_analytical__potentials_8f90" xml:lang="en-US">
<title>/Users/agostini/Documents/RELEASED_GCTMQC/g-ctmqc/src/analytical_potentials.f90 File Reference</title>
<indexterm><primary>/Users/agostini/Documents/RELEASED_GCTMQC/g-ctmqc/src/analytical_potentials.f90</primary></indexterm>
<simplesect>
    <title>Modules    </title>
        <itemizedlist>
            <listitem><para>module <link linkend="_namespaceanalytical__potentials">analytical_potentials</link></para>

<para>Diabatic low dimensional potentials. </para>
</listitem>
        </itemizedlist>
</simplesect>
<simplesect>
    <title>Functions/Subroutines    </title>
        <itemizedlist>
            <listitem><para>subroutine <link linkend="_namespaceanalytical__potentials_1aee08711dfb0552ba00cc2a8f005201df">analytical_potentials::new_model_potentials</link> (Hel, grad_BO, NAC, Q)</para>

<para>Definition of electronic structure properties, ie, energies, gradients and derivative couplings on model potentials integrated in the G-CTMQC. </para>
</listitem>
            <listitem><para>subroutine <link linkend="_namespaceanalytical__potentials_1a00c558ee0bcbfb79260952a640a9566c">analytical_potentials::check_overlap</link> (eigenv1, eigenv2, factor)</para>

<para>Check that adjacent adiabatic states are continuous in nuclear space. </para>
</listitem>
            <listitem><para>subroutine <link linkend="_namespaceanalytical__potentials_1a659155b761baaa9ff7d93276000a0a7d">analytical_potentials::diagonalize</link> (matrix, eigenvalues, eigenvectors)</para>

<para>Diagonalization of a real symmetric matrix with the Lapac procedure dsyevd. </para>
</listitem>
            <listitem><para>subroutine <link linkend="_namespaceanalytical__potentials_1a18123f0763bb7734dbed0bad63a530fe">analytical_potentials::non_adiabatic_couplings</link> (energy, gradients, eigenvectors, couplings)</para>

<para>Calculation of analytical non-adiabatic couplings. </para>
</listitem>
            <listitem><para>subroutine <link linkend="_namespaceanalytical__potentials_1a8ca8bb2587935af18e85f86be58326e9">analytical_potentials::nai_potential</link> (H, R, grad_H)</para>

<para>Definition of the analytical model potentials for the diatomic molecule NaI following the work of Faist and Levine published in JCP (1976) DOI:10.1063/1.432555. </para>
</listitem>
            <listitem><para>subroutine <link linkend="_namespaceanalytical__potentials_1ac4009180eb1b7add785ed27b62f042e5">analytical_potentials::ibr_potential</link> (H, R, grad_H)</para>

<para>Definition of the analytical model potentials for the diatomic molecule NaI following the work of Guo published in JCP (1993) DOI:10.1063/1.465285. </para>
</listitem>
            <listitem><para>subroutine <link linkend="_namespaceanalytical__potentials_1ab188600744505c80905a6cae729ab5d1">analytical_potentials::doublewell_potential</link> (H, R, grad_H)</para>

<para>Definition of the analytical model potentials a double well. </para>
</listitem>
            <listitem><para>subroutine <link linkend="_namespaceanalytical__potentials_1aa199013ccfa8f3fdabd157b9c2bcba97">analytical_potentials::plot_potential</link> ()</para>

<para>Plot the adiabatic and diabatic analytical potentials. </para>
</listitem>
        </itemizedlist>
</simplesect>
</section>
