<?xml version='1.0' encoding='UTF-8' standalone='no'?>
<section xmlns="http://docbook.org/ns/docbook" version="5.0" xmlns:xlink="http://www.w3.org/1999/xlink" xml:id="_atomic__masses_8f90" xml:lang="en-US">
<title>/Users/agostini/Documents/RELEASED_GCTMQC/g-ctmqc/src/atomic_masses.f90 File Reference</title>
<indexterm><primary>/Users/agostini/Documents/RELEASED_GCTMQC/g-ctmqc/src/atomic_masses.f90</primary></indexterm>
<simplesect>
    <title>Modules    </title>
        <itemizedlist>
            <listitem><para>module <link linkend="_namespaceatomic__masses">atomic_masses</link></para>

<para>The module defines nuclear masses in atomic units. </para>
</listitem>
        </itemizedlist>
</simplesect>
<simplesect>
    <title>Variables    </title>
        <itemizedlist>
            <listitem><para>real(kind=dp), parameter <link linkend="_namespaceatomic__masses_1acddb60850b0c67f50ab198b45f867ac0">atomic_masses::m_hp</link> = 1836.0_dp</para>

<para>Proton mass in atomic units. </para>
</listitem>
            <listitem><para>real(kind=dp), parameter <link linkend="_namespaceatomic__masses_1a2ecdfd33d8372daf75fdbcf826fb5329">atomic_masses::m_na</link> = 22.989769_dp</para>

<para>Na mass in atomic mass units. </para>
</listitem>
            <listitem><para>real(kind=dp), parameter <link linkend="_namespaceatomic__masses_1a520247de3042311d1f23b2615ca24b6b">atomic_masses::m_i</link> = 126.90447_dp</para>

<para>I mass in atomic mass units. </para>
</listitem>
            <listitem><para>real(kind=dp), parameter <link linkend="_namespaceatomic__masses_1ac6029ed0a3ad87ad1492c2ec56dd3524">atomic_masses::m_br</link> = 79.9040_dp</para>

<para>Br mass in atomic mass units. </para>
</listitem>
        </itemizedlist>
</simplesect>
</section>
