<?xml version='1.0' encoding='UTF-8' standalone='no'?>
<section xmlns="http://docbook.org/ns/docbook" version="5.0" xmlns:xlink="http://www.w3.org/1999/xlink" xml:id="_classical__evolution_8f90" xml:lang="en-US">
<title>/Users/agostini/Documents/RELEASED_GCTMQC/g-ctmqc/src/classical_evolution.f90 File Reference</title>
<indexterm><primary>/Users/agostini/Documents/RELEASED_GCTMQC/g-ctmqc/src/classical_evolution.f90</primary></indexterm>
<simplesect>
    <title>Modules    </title>
        <itemizedlist>
            <listitem><para>module <link linkend="_namespaceclassical__evolution">classical_evolution</link></para>

<para>The module contains a collection of subroutines used in the classical evolution of the nuclei. </para>
</listitem>
        </itemizedlist>
</simplesect>
<simplesect>
    <title>Functions/Subroutines    </title>
        <itemizedlist>
            <listitem><para>subroutine <link linkend="_namespaceclassical__evolution_1aa56590b0cb9845368cd3d5345b908857">classical_evolution::update_position</link> (x, v)</para>

<para>Update of the classical positions according to the velocity Verlet algorithm. </para>
</listitem>
            <listitem><para>subroutine <link linkend="_namespaceclassical__evolution_1a59905627b30c87e644aeb0b1c008579f">classical_evolution::update_velocity</link> (v, force)</para>

<para>Update of the classical velocities according to the velocity Verlet algorithm. </para>
</listitem>
            <listitem><para>subroutine <link linkend="_namespaceclassical__evolution_1ae1c31050918fc14c897af2fe659432fc">classical_evolution::non_adiabatic_force</link> (coeff, force, acc_force, k_li, trajlabel)</para>

<para>Definition of the classical nuclear force depending on the type of calculation that is executed. </para>
</listitem>
        </itemizedlist>
</simplesect>
</section>
