<?xml version='1.0' encoding='UTF-8' standalone='no'?>
<section xmlns="http://docbook.org/ns/docbook" version="5.0" xmlns:xlink="http://www.w3.org/1999/xlink" xml:id="_coefficients__evolution_8f90" xml:lang="en-US">
<title>/Users/agostini/Documents/RELEASED_GCTMQC/g-ctmqc/src/coefficients_evolution.f90 File Reference</title>
<indexterm><primary>/Users/agostini/Documents/RELEASED_GCTMQC/g-ctmqc/src/coefficients_evolution.f90</primary></indexterm>
<simplesect>
    <title>Modules    </title>
        <itemizedlist>
            <listitem><para>module <link linkend="_namespacecoefficients__evolution">coefficients_evolution</link></para>

<para>Evolution of the electronic coefficients. </para>
</listitem>
        </itemizedlist>
</simplesect>
<simplesect>
    <title>Functions/Subroutines    </title>
        <itemizedlist>
            <listitem><para>subroutine <link linkend="_namespacecoefficients__evolution_1a2da8d322abba76ff6287134ddfb7e5cb">coefficients_evolution::rk4_coeff</link> (v, coeff, k_li, trajlabel)</para>

<para>Numerical integration of the non-linear differential equation describing the electronic evolution of the coefficients. </para>
</listitem>
            <listitem><para>complex(kind=qp) function <link linkend="_namespacecoefficients__evolution_1a2a7fdf5fc5474f67250bb3e0a5736bda">coefficients_evolution::cdot</link> (state, kfunction, v, coeff, k_li, trajlabel)</para>

<para>Total time derivative of the electronic coefficients as given in the Ehrenfest algorithm, surface hopping algorithm, and CT-MQC. </para>
</listitem>
        </itemizedlist>
</simplesect>
</section>
