<?xml version='1.0' encoding='UTF-8' standalone='no'?>
<section xmlns="http://docbook.org/ns/docbook" version="5.0" xmlns:xlink="http://www.w3.org/1999/xlink" xml:id="_coherence__corrections_8f90" xml:lang="en-US">
<title>/Users/agostini/Documents/RELEASED_GCTMQC/g-ctmqc/src/coherence_corrections.f90 File Reference</title>
<indexterm><primary>/Users/agostini/Documents/RELEASED_GCTMQC/g-ctmqc/src/coherence_corrections.f90</primary></indexterm>
<simplesect>
    <title>Modules    </title>
        <itemizedlist>
            <listitem><para>module <link linkend="_namespacecoherence__corrections">coherence_corrections</link></para>

<para>Calculations of quantities for decoherence corrections in CT-MQC. </para>
</listitem>
        </itemizedlist>
</simplesect>
<simplesect>
    <title>Functions/Subroutines    </title>
        <itemizedlist>
            <listitem><para>subroutine <link linkend="_namespacecoherence__corrections_1af2109e0117f30acd569e33fc9642148f">coherence_corrections::accumulated_boforce</link> (coeff, force, trajlabel)</para>

<para>The adiabatic (or spin-(a)diabatic) force is integrated in time along a trajectory. </para>
</listitem>
            <listitem><para>subroutine <link linkend="_namespacecoherence__corrections_1a982938b35739c7630cfcd56808b3882c">coherence_corrections::quantum_momentum</link> (Rcl, acc_force, BOsigma, k_li)</para>

<para>Calculation of the quantum momentum by reconstructing the nuclear density as a sum of Gaussians centered at the positions of the trajectories. </para>
</listitem>
        </itemizedlist>
</simplesect>
</section>
