<?xml version='1.0' encoding='UTF-8' standalone='no'?>
<section xmlns="http://docbook.org/ns/docbook" version="5.0" xmlns:xlink="http://www.w3.org/1999/xlink" xml:id="_dir_68267d1309a1af8e8297ef4c3efbcdba" xml:lang="en-US">
<title>/Users/agostini/Documents/RELEASED_GCTMQC/g-ctmqc/src Directory Reference</title>
<indexterm><primary>/Users/agostini/Documents/RELEASED_GCTMQC/g-ctmqc/src Directory Reference</primary></indexterm>
<simplesect>
    <title>Files    </title>
        <itemizedlist>
            <listitem><para>file <link linkend="_analytical__potentials_8f90">analytical_potentials.f90</link></para>
</listitem>
            <listitem><para>file <link linkend="_atomic__masses_8f90">atomic_masses.f90</link></para>
</listitem>
            <listitem><para>file <link linkend="_classical__evolution_8f90">classical_evolution.f90</link></para>
</listitem>
            <listitem><para>file <link linkend="_coefficients__evolution_8f90">coefficients_evolution.f90</link></para>
</listitem>
            <listitem><para>file <link linkend="_coherence__corrections_8f90">coherence_corrections.f90</link></para>
</listitem>
            <listitem><para>file <link linkend="_electronic__problem_8f90">electronic_problem.f90</link></para>
</listitem>
            <listitem><para>file <link linkend="_kinds_8f90">kinds.f90</link></para>
</listitem>
            <listitem><para>file <link linkend="_main_8f90">main.f90</link></para>
</listitem>
            <listitem><para>file <link linkend="_output_8f90">output.f90</link></para>
</listitem>
            <listitem><para>file <link linkend="_shopping_8f90">shopping.f90</link></para>
</listitem>
            <listitem><para>file <link linkend="_time__evolution_8f90">time_evolution.f90</link></para>
</listitem>
            <listitem><para>file <link linkend="_tools_8f90">tools.f90</link></para>
</listitem>
            <listitem><para>file <link linkend="_trajectories__selection_8f90">trajectories_selection.f90</link></para>
</listitem>
            <listitem><para>file <link linkend="_variables_8f90">variables.f90</link></para>
</listitem>
            <listitem><para>file <link linkend="_wigner__distribution_8f90">wigner_distribution.f90</link></para>
</listitem>
        </itemizedlist>
</simplesect>
</section>
