<?xml version='1.0' encoding='UTF-8' standalone='no'?>
<section xmlns="http://docbook.org/ns/docbook" version="5.0" xmlns:xlink="http://www.w3.org/1999/xlink" xml:id="_electronic__problem_8f90" xml:lang="en-US">
<title>/Users/agostini/Documents/RELEASED_GCTMQC/g-ctmqc/src/electronic_problem.f90 File Reference</title>
<indexterm><primary>/Users/agostini/Documents/RELEASED_GCTMQC/g-ctmqc/src/electronic_problem.f90</primary></indexterm>
<simplesect>
    <title>Modules    </title>
        <itemizedlist>
            <listitem><para>module <link linkend="_namespaceelectronic__problem">electronic_problem</link></para>

<para>On-the-fly electronic-structure calculations. </para>
</listitem>
        </itemizedlist>
</simplesect>
<simplesect>
    <title>Functions/Subroutines    </title>
        <itemizedlist>
            <listitem><para>subroutine <link linkend="_namespaceelectronic__problem_1a15695c174f3d1f57d393e0fa7511e475">electronic_problem::boproblem</link> (Q, trajlabel)</para>

<para>Electronic energies (adiabatic or spin-(a)diabatic), forces and non-adiabatic couplings are compueted at the trajectory position. </para>
</listitem>
        </itemizedlist>
</simplesect>
</section>
