<?xml version='1.0' encoding='UTF-8' standalone='no'?>
<section xmlns="http://docbook.org/ns/docbook" version="5.0" xmlns:xlink="http://www.w3.org/1999/xlink" xml:id="_kinds_8f90" xml:lang="en-US">
<title>/Users/agostini/Documents/RELEASED_GCTMQC/g-ctmqc/src/kinds.f90 File Reference</title>
<indexterm><primary>/Users/agostini/Documents/RELEASED_GCTMQC/g-ctmqc/src/kinds.f90</primary></indexterm>
<simplesect>
    <title>Modules    </title>
        <itemizedlist>
            <listitem><para>module <link linkend="_namespacekinds">kinds</link></para>

<para>Definiton of kinds. </para>
</listitem>
        </itemizedlist>
</simplesect>
<simplesect>
    <title>Variables    </title>
        <itemizedlist>
            <listitem><para>integer, parameter <link linkend="_namespacekinds_1a3592c80a445cf0d08dd82160a26d03ed">kinds::dp</link> =kind(0.0D0)</para>

<para>Indicator for real double precision. </para>
</listitem>
            <listitem><para>integer, parameter <link linkend="_namespacekinds_1ab9ae202470c73e48421f18653821469b">kinds::qp</link> =selected_real_kind(12)</para>

<para>Indicator for real quadrupole precision. </para>
</listitem>
        </itemizedlist>
</simplesect>
</section>
