<?xml version='1.0' encoding='UTF-8' standalone='no'?>
<section xmlns="http://docbook.org/ns/docbook" version="5.0" xmlns:xlink="http://www.w3.org/1999/xlink" xml:id="_linear__algebra_8f90" xml:lang="en-US">
<title>/Users/agostini/Documents/RELEASED_GCTMQC/g-ctmqc/src/linear_algebra.f90 File Reference</title>
<indexterm><primary>/Users/agostini/Documents/RELEASED_GCTMQC/g-ctmqc/src/linear_algebra.f90</primary></indexterm>
<simplesect>
    <title>Modules    </title>
        <itemizedlist>
            <listitem><para>module <link linkend="_namespacelinear__algebra">linear_algebra</link></para>
</listitem>
        </itemizedlist>
</simplesect>
<simplesect>
    <title>Functions/Subroutines    </title>
        <itemizedlist>
            <listitem><para>subroutine <link linkend="_namespacelinear__algebra_1a6f84b1cfba5ecedf1f418a1d69aff7d6">linear_algebra::diabatic_to_adiabatic_1d</link> (Hel)</para>
</listitem>
            <listitem><para>subroutine <link linkend="_namespacelinear__algebra_1a96628e7355d57dfd363e82d518490d56">linear_algebra::diabatic_to_adiabatic_2d</link> (Hel)</para>
</listitem>
            <listitem><para>subroutine <link linkend="_namespacelinear__algebra_1ae22930f715b6c11cdb4913ee66d637ff">linear_algebra::diabatic_to_adiabatic_3d</link> (Hel)</para>
</listitem>
            <listitem><para>subroutine <link linkend="_namespacelinear__algebra_1a625d8a52754cbb11b86460472ce2cc68">linear_algebra::check_overlap</link> (eigenv_out, eigenv_in)</para>
</listitem>
            <listitem><para>subroutine <link linkend="_namespacelinear__algebra_1aa19395c66000eb182dbdc2fe1bda229f">linear_algebra::non_adiabatic_couplings_1d</link> (U)</para>
</listitem>
            <listitem><para>subroutine <link linkend="_namespacelinear__algebra_1a7464cd7d343b1007841eb111050f28fc">linear_algebra::non_adiabatic_couplings_2d</link> (U)</para>
</listitem>
            <listitem><para>subroutine <link linkend="_namespacelinear__algebra_1a465764713fcb0f860e60cbfbf76b956b">linear_algebra::non_adiabatic_couplings_3d</link> (U)</para>
</listitem>
        </itemizedlist>
</simplesect>
</section>
