<?xml version='1.0' encoding='UTF-8' standalone='no'?>
<section xmlns="http://docbook.org/ns/docbook" version="5.0" xmlns:xlink="http://www.w3.org/1999/xlink" xml:id="_main_8f90" xml:lang="en-US">
<title>/Users/agostini/Documents/RELEASED_GCTMQC/g-ctmqc/src/main.f90 File Reference</title>
<indexterm><primary>/Users/agostini/Documents/RELEASED_GCTMQC/g-ctmqc/src/main.f90</primary></indexterm>
<simplesect>
    <title>Functions/Subroutines    </title>
        <itemizedlist>
            <listitem><para>program <link linkend="_main_8f90_1a8ec2266d83cd6c0b762cbcbc92c0af3d">main</link></para>

<para>Main program. </para>
</listitem>
            <listitem><para>subroutine <link linkend="_main_8f90_1a54563b93e75f779e7df6869f981ab7d5">read_system_variables</link> (unit)</para>

<para>The section SYSTEM is read in the input file. </para>
</listitem>
            <listitem><para>subroutine <link linkend="_main_8f90_1a553b0ffdb0106ce1f7167f60d3571d11">read_dynamics_variables</link> (unit)</para>

<para>The section DYNAMICS is read in the input file. </para>
</listitem>
            <listitem><para>subroutine <link linkend="_main_8f90_1a419dae0d1428e2b8273040b99d8ed60f">read_external_files</link> (unit)</para>

<para>The section EXTERNAL_FILES is read in the input file. </para>
</listitem>
        </itemizedlist>
</simplesect>
<section>
<title>Function/Subroutine Documentation</title>
<anchor xml:id="_main_8f90_1a8ec2266d83cd6c0b762cbcbc92c0af3d"/>    <section>
    <title>main()</title>
<indexterm><primary>main</primary><secondary>main.f90</secondary></indexterm>
<indexterm><primary>main.f90</primary><secondary>main</secondary></indexterm>
<para><computeroutput>program main</computeroutput></para><para>

<para>Main program. </para>
</para>

<para><formalpara><title>Author</title>

<para>Federica Agostini, Institut de Chimie Physique, University Paris-Saclay. </para>
</formalpara>
</para>
<para>
Definition at line 17 of file main.f90.</para>
    </section><anchor xml:id="_main_8f90_1a553b0ffdb0106ce1f7167f60d3571d11"/>    <section>
    <title>read_dynamics_variables()</title>
<indexterm><primary>read_dynamics_variables</primary><secondary>main.f90</secondary></indexterm>
<indexterm><primary>main.f90</primary><secondary>read_dynamics_variables</secondary></indexterm>
<para><computeroutput>subroutine main::read_dynamics_variables (integer, intent(in), optional unit)</computeroutput></para><para>

<para>The section DYNAMICS is read in the input file. </para>
</para>

<para>
                <formalpara>
                    <title>
Parameters                    </title>
                    <para>
                    <table frame="all">
                        <tgroup cols="3" align="left" colsep="1" rowsep="1">
                        <colspec colwidth="1*"/>
                        <colspec colwidth="1*"/>
                        <colspec colwidth="4*"/>
                        <tbody>
                            <row>
                                <entry>in                                </entry>                                <entry>unit</entry>
                                <entry>
<para>file unit </para>
</entry>
                            </row>
                        </tbody>
                        </tgroup>
                    </table>
                    </para>
                </formalpara>
                </para>
<para>
Definition at line 89 of file main.f90.</para>
    </section><anchor xml:id="_main_8f90_1a419dae0d1428e2b8273040b99d8ed60f"/>    <section>
    <title>read_external_files()</title>
<indexterm><primary>read_external_files</primary><secondary>main.f90</secondary></indexterm>
<indexterm><primary>main.f90</primary><secondary>read_external_files</secondary></indexterm>
<para><computeroutput>subroutine main::read_external_files (integer, intent(in), optional unit)</computeroutput></para><para>

<para>The section EXTERNAL_FILES is read in the input file. </para>
</para>

<para>
                <formalpara>
                    <title>
Parameters                    </title>
                    <para>
                    <table frame="all">
                        <tgroup cols="3" align="left" colsep="1" rowsep="1">
                        <colspec colwidth="1*"/>
                        <colspec colwidth="1*"/>
                        <colspec colwidth="4*"/>
                        <tbody>
                            <row>
                                <entry>in                                </entry>                                <entry>unit</entry>
                                <entry>
<para>file unit </para>
</entry>
                            </row>
                        </tbody>
                        </tgroup>
                    </table>
                    </para>
                </formalpara>
                </para>
<para>
Definition at line 117 of file main.f90.</para>
    </section><anchor xml:id="_main_8f90_1a54563b93e75f779e7df6869f981ab7d5"/>    <section>
    <title>read_system_variables()</title>
<indexterm><primary>read_system_variables</primary><secondary>main.f90</secondary></indexterm>
<indexterm><primary>main.f90</primary><secondary>read_system_variables</secondary></indexterm>
<para><computeroutput>subroutine main::read_system_variables (integer, intent(in), optional unit)</computeroutput></para><para>

<para>The section SYSTEM is read in the input file. </para>
</para>

<para>
                <formalpara>
                    <title>
Parameters                    </title>
                    <para>
                    <table frame="all">
                        <tgroup cols="3" align="left" colsep="1" rowsep="1">
                        <colspec colwidth="1*"/>
                        <colspec colwidth="1*"/>
                        <colspec colwidth="4*"/>
                        <tbody>
                            <row>
                                <entry>in                                </entry>                                <entry>unit</entry>
                                <entry>
<para>file unit </para>
</entry>
                            </row>
                        </tbody>
                        </tgroup>
                    </table>
                    </para>
                </formalpara>
                </para>
<para>
Definition at line 56 of file main.f90.</para>
</section>
</section>
</section>
