<?xml version='1.0' encoding='UTF-8' standalone='no'?>
<section xmlns="http://docbook.org/ns/docbook" version="5.0" xmlns:xlink="http://www.w3.org/1999/xlink" xml:id="_namespacevariables" xml:lang="en-US">
<title>variables Module Reference</title>
<indexterm><primary>variables</primary></indexterm>
<para>

<para>The module defines all common variables. </para>
 
</para>
<simplesect>
    <title>Variables    </title>
        <itemizedlist>
            <listitem><para>real(kind=dp), parameter <link linkend="_namespacevariables_1a4f7c4b76127660a6ab1b9c2d0ced2757">hbar</link> = 1.0_dp</para>

<para>Reduced Planck constant. </para>
</listitem>
            <listitem><para>real(kind=dp), parameter <link linkend="_namespacevariables_1ab23eef0a897c91d12e4c94e471d25eac">zero</link> = 0.0000000010_dp</para>

<para>&quot;Numerical&quot; zero </para>
</listitem>
            <listitem><para>real(kind=dp), parameter <link linkend="_namespacevariables_1aad566c0f8837376d5b5051540367006d">au_to_ang</link> = 0.52917721067121_dp</para>

<para>Conversion factor from bohr to angstrom. </para>
</listitem>
            <listitem><para>real(kind=dp), parameter <link linkend="_namespacevariables_1ad100d946666356c0f02a244f2e27e1d9">au_to_ev</link> = 27.2114_dp</para>

<para>Conversion factor from Hartree to electronvolts. </para>
</listitem>
            <listitem><para>real(kind=dp), parameter <link linkend="_namespacevariables_1ac8922cdc14c4f71ec5f1dabc122ea80d">amu_to_au</link> = 1836.0_dp</para>

<para>Conversion factor from atomic mass units to atomic units. </para>
</listitem>
            <listitem><para>complex(kind=qp) <link linkend="_namespacevariables_1ac09a56a235e6e5aaebd2ea6ee32188dd">im_unit</link> = (0.0_dp, 1.0_dp)</para>

<para>Imaginary unit. </para>
</listitem>
            <listitem><para>real(kind=dp) <link linkend="_namespacevariables_1ac8f8cd80af682db3e55c7b3bcefd78e6">pi</link> = 3.14159265359_dp</para>

<para>pi </para>
</listitem>
            <listitem><para>character(len=5) <link linkend="_namespacevariables_1acd07b1bc8413f60cb431816163d6a0e7">typ_cal</link> = &quot;EHREN&quot;</para>

<para>Type of dynamics that is executed: EHREN for Ehrenfest dynamics, TSHLZ for surface hopping with Landau-Zener hopping probability, TSHFS for surface hopping with fewest-switches hopping probability, CTMQC for CT-MQC, read in input. </para>
</listitem>
            <listitem><para>character(len=100) <link linkend="_namespacevariables_1a7986629993fb0d34559b416ad7f87292">model_potential</link> = &quot;unknown&quot;</para>

<para>Name of the model potential as it is defined in QuantumModelLib, read in input. </para>
</listitem>
            <listitem><para>integer <link linkend="_namespacevariables_1a8b6dcca1275e70e8632e27d1a246883f">option</link> = 1</para>

<para>Only used for Tully models and can be 1, 2, or 3, read in input. </para>
</listitem>
            <listitem><para>logical <link linkend="_namespacevariables_1a3834e5921df11cbddfa2c96ccda4bd08">new_potential</link> = .FALSE.</para>

<para>It is FALSE if the QuantumModelLib potential library is used; it is TRUE if the potentials in <link linkend="_analytical__potentials_8f90">analytical_potentials.f90</link> are used, read in input. </para>
</listitem>
            <listitem><para>integer <link linkend="_namespacevariables_1a668867c2ac7e34a0663f1915b2165387">n_dof</link> = 1</para>

<para>Number of degrees of nuclear freedom, read in input. </para>
</listitem>
            <listitem><para>integer <link linkend="_namespacevariables_1af011425a070282cdf4f7869cc91b2e7c">nstates</link> = 2</para>

<para>Number of electronic states, read in input. </para>
</listitem>
            <listitem><para>integer <link linkend="_namespacevariables_1a836f9ab38c17f0326b50b960414bbe66">npairs</link> = 1</para>

<para>Number of pairs of electronic states. </para>
</listitem>
            <listitem><para>logical, dimension(100) <link linkend="_namespacevariables_1af3a802c960ad30a6d3a9051be122c45e">periodic_variable</link> = .FALSE.</para>

<para>It is TRUE for each periodic nuclear coordinate, read in input. </para>
</listitem>
            <listitem><para>real(kind=dp), dimension(100) <link linkend="_namespacevariables_1a3fe769ab8229f34d093882ebc9446765">periodicity</link> = 0.0_dp</para>

<para>Periodicity of the correspoding nuclear nuclear coordinate in unit of pi, read in input. </para>
</listitem>
            <listitem><para>character(len=2) <link linkend="_namespacevariables_1a444e15df2d8c65636cef6aec1c7e7af3">type_deco</link> = &quot;&quot;</para>

<para>Type of decoherence scheme applied on surface hooping: CT based on coupled trajectories and on quantum momentum, ED which is the energy-decoherence correction, read in input. </para>
</listitem>
            <listitem><para>real(kind=dp) <link linkend="_namespacevariables_1ad3352953ff5eccddec7ebb9ae9a866b3">c_parameter</link> = 0.1_dp</para>

<para>Value of the parameter C in the energy-decoherence correction used in surface hopping, read in input. </para>
</listitem>
            <listitem><para>integer <link linkend="_namespacevariables_1a149d7da8cd6d060ce7e448e7b1c0d579">jump_seed</link> = -100</para>

<para>Seed for the random number generator used for the probability jump is surface hopping, read in input. </para>
</listitem>
            <listitem><para>integer <link linkend="_namespacevariables_1ad5868a222f4b3b059586dc101d59e051">initial_condition_seed</link> = -100</para>

<para>Seed for the random number generator used for the selection of initial conditions, read in input. </para>
</listitem>
            <listitem><para>real(kind=dp) <link linkend="_namespacevariables_1a1ae63226ec18c8ec6ba7e4f5c763781f">adia_nrg_gap</link> = 10000.0D0</para>

<para>Energy treshold to compute the non-adiabatic coupling vectors for the classical force. </para>
</listitem>
            <listitem><para>logical <link linkend="_namespacevariables_1a773129925702c06b767ee5948e6d8369">nrg_check</link> = .FALSE.</para>

<para>It is TRUE if the spin-orbit coupling is switched-off when the energy gap between spin-diabatic states is above a certain treshold, read in input. </para>
</listitem>
            <listitem><para>real(kind=dp) <link linkend="_namespacevariables_1a0ffb326d7311be33ba677ed84d5b6ba4">nrg_gap</link> = 10000.0D0</para>

<para>Energy treshold to switch-off the spin-orbit coupling, read in input. </para>
</listitem>
            <listitem><para>logical <link linkend="_namespacevariables_1ab043484be6fb6d8c4ad8598b38118394">spin_dia</link> = .FALSE.</para>

<para>It is TRUE when the spin-diabatic basis is used in CT-MQC, read in input. </para>
</listitem>
            <listitem><para>logical <link linkend="_namespacevariables_1a610698c08f69dd42fe82f46c85dc5538">qmom_force</link> = .TRUE.</para>

<para>It is TRUE when quantum-momentum force is used in CT-MQC, read in input. </para>
</listitem>
            <listitem><para>real(kind=dp), dimension(100) <link linkend="_namespacevariables_1af92d991704258f8297b8b198e53135f3">m_parameter</link> = 10.0_dp</para>

<para>M_parameter is used only when cl_qmom = TRUE to determine &quot;how far&quot; each trajectory has to search to find its neighbours, read in input. </para>
</listitem>
            <listitem><para>real(kind=dp) <link linkend="_namespacevariables_1a04a20627dc53fd751d742d6432dbec4f">dt</link> = 0.1_dp</para>

<para>Time step, read in input. </para>
</listitem>
            <listitem><para>real(kind=dp) <link linkend="_namespacevariables_1a40aad0c031e023db50cf3038bacdfc96">final_time</link> = 0.0_dp</para>

<para>Length of the simulations, read in input. </para>
</listitem>
            <listitem><para>real(kind=dp), dimension(100) <link linkend="_namespacevariables_1a69578646e2aa0d32889120d5b8359110">r_init</link></para>

<para>Mean positions to initialize nuclear positions, read in input. </para>
</listitem>
            <listitem><para>real(kind=dp), dimension(100) <link linkend="_namespacevariables_1a9cd0eab367bc3601efcf4bf89c26af6a">k_init</link></para>

<para>Mean momenta to initialize nuclear momenta, read in input. </para>
</listitem>
            <listitem><para>real(kind=dp), dimension(100) <link linkend="_namespacevariables_1a7c9d49f132811737854b272426c79008">mass_input</link> = 0.0_dp</para>

<para>Nuclear masses, read in input. </para>
</listitem>
            <listitem><para>real(kind=dp), dimension(100) <link linkend="_namespacevariables_1ae25d2599dbf45a48a5bcf469c3d17ec8">sigmar_init</link></para>

<para>Position variances to initialize nuclear positions, read in input. </para>
</listitem>
            <listitem><para>real(kind=dp), dimension(100) <link linkend="_namespacevariables_1aba9995d51a0298c8111345f0a656b16c">sigmap_init</link> = -100.0_dp</para>

<para>Momentum variances to initialize nuclear momenta, only necessary for non-Wigner sampling, read in input. </para>
</listitem>
            <listitem><para>integer <link linkend="_namespacevariables_1a8995c056c032e0032610f890f8ccc59d">ntraj</link> = 100</para>

<para>Number of nuclear trajectories, read in input. </para>
</listitem>
            <listitem><para>integer <link linkend="_namespacevariables_1a55efc2aa607a220f981be3b6fa94a1d0">nsteps</link> = 100</para>

<para>Total number of dynamics time steps. </para>
</listitem>
            <listitem><para>integer <link linkend="_namespacevariables_1ac2dd52281771ef47435419abdbdc1a7a">dump</link> = 1</para>

<para>Number of time steps after which the output is dumped, read in input. </para>
</listitem>
            <listitem><para>integer <link linkend="_namespacevariables_1ab1fb39e04d1c36e17fc4c952108b015f">initial_bostate</link> = 1</para>

<para>Initial electronic state, read in input. </para>
</listitem>
            <listitem><para>real(kind=dp), dimension(:), allocatable <link linkend="_namespacevariables_1adbab92a50e7cdee9a6e5c6aae5e315df">r0</link></para>

<para>Mean nuclear positions. </para>
</listitem>
            <listitem><para>real(kind=dp), dimension(:), allocatable <link linkend="_namespacevariables_1ac899ae2f2df0c3aa9e5d99c6ba034fda">r02</link></para>

<para>Mean nuclear positions squared. </para>
</listitem>
            <listitem><para>real(kind=dp), dimension(:), allocatable <link linkend="_namespacevariables_1a2baa17a4e682051a99a5a9aae3fef710">k0</link></para>

<para>Mean nuclear momenta. </para>
</listitem>
            <listitem><para>real(kind=dp), dimension(:), allocatable <link linkend="_namespacevariables_1abc7d9f91b11cface87a798188bfa8de5">period</link></para>

<para>Periodicity of the periodic nuclear nuclear coordinate in unit of pi. </para>
</listitem>
            <listitem><para>logical, dimension(:), allocatable <link linkend="_namespacevariables_1ab398c69cdb91e1c214f4c55dda9aaf9f">periodic_in</link></para>

<para>It is TRUE for each periodic nuclear coordinate. </para>
</listitem>
            <listitem><para>real(kind=dp), dimension(:), allocatable <link linkend="_namespacevariables_1aa7131651bfffd1fdaff88b51a2abd678">mass</link></para>

<para>Nuclear masses. </para>
</listitem>
            <listitem><para>real(kind=dp), dimension(:), allocatable <link linkend="_namespacevariables_1a52086073bad64f461333d8f6b0381eb0">sigma</link></para>

<para>Position variances to initialize nuclear positions. </para>
</listitem>
            <listitem><para>real(kind=dp), dimension(:), allocatable <link linkend="_namespacevariables_1a8fb4033efb4387a7058333d13806444d">var_momentum</link></para>

<para>Momentum variances to initialize nuclear momenta. </para>
</listitem>
            <listitem><para>real(kind=dp), dimension(:,:,:), allocatable <link linkend="_namespacevariables_1a2545c7aae8865e43afa2222be48b3762">boforce</link></para>

<para>Gradients of the electronic energies, either adiabatic or spin-(a)diabatic. </para>
</listitem>
            <listitem><para>real(kind=dp), dimension(:,:,:,:), allocatable <link linkend="_namespacevariables_1a7a298857dffd47b31fa1c97cdd1f4d78">coup</link></para>

<para>Non-adiabatic couplings. </para>
</listitem>
            <listitem><para>complex(kind=qp), dimension(:,:,:), allocatable <link linkend="_namespacevariables_1adb5e68519739d37f48ee0d140fb9b63f">coup_so</link></para>

<para>Spin-orbit coupling. </para>
</listitem>
            <listitem><para>real(kind=dp), dimension(:,:), allocatable <link linkend="_namespacevariables_1a767fd537b71696ddaa20d6e81d503756">boenergy</link></para>

<para>Electronic energies, either adiabatic or spin-(a)diabatic. </para>
</listitem>
            <listitem><para>real(kind=dp), dimension(:), allocatable <link linkend="_namespacevariables_1a2a73e8becd0149734da585f50a1d47bb">bo_pop</link></para>

<para>Populations of the electronic states computed from the electronic coefficients. </para>
</listitem>
            <listitem><para>real(kind=dp), dimension(:), allocatable <link linkend="_namespacevariables_1a01a9d3567cc98f502a8e010d52c19297">bo_pop_sh</link></para>

<para>Populations of the electronic states computed in surface hopping as the ratio of trajectories running in each state over the total number of trajectories. </para>
</listitem>
            <listitem><para>real(kind=dp), dimension(:), allocatable <link linkend="_namespacevariables_1afb6f8c4aeabffd06a2f747ba356ee4ca">bo_coh</link></para>

<para>Electronic coherences. </para>
</listitem>
            <listitem><para>real(kind=dp), dimension(:,:), allocatable <link linkend="_namespacevariables_1a5543ce933ba875fb285c8f593b608377">initial_positions</link></para>

<para>Initial nuclear positions. </para>
</listitem>
            <listitem><para>real(kind=dp), dimension(:,:), allocatable <link linkend="_namespacevariables_1ac2ee0b3f3771e6aea98fada2bfab02ac">initial_momenta</link></para>

<para>Initial nuclear momenta. </para>
</listitem>
            <listitem><para>real(kind=dp), dimension(:), allocatable <link linkend="_namespacevariables_1a99f474690efde6532bcd05bb72366dee">weight</link></para>

<para>Weight of each trajectory (usually it is equal to unity) </para>
</listitem>
            <listitem><para>real(kind=dp), dimension(:), allocatable <link linkend="_namespacevariables_1ac4c8578ccf88450e0247d06aff091871">tdpes</link></para>

<para>Gauge invariant part of the TDPES in CT-MQC calculation and mean Ehrenfest potential in Ehrenfest dynamics. </para>
</listitem>
            <listitem><para>real(kind=dp), dimension(:), allocatable <link linkend="_namespacevariables_1a915d7262ff7c820f1d4f5dfd73bacb46">density</link></para>

<para>Nuclear density. </para>
</listitem>
            <listitem><para>integer, dimension(:), allocatable <link linkend="_namespacevariables_1ad5c48996717183560da978058f4b0e06">occ_state</link></para>

<para>Active or force state in surface hopping. </para>
</listitem>
            <listitem><para>integer, dimension(:), allocatable <link linkend="_namespacevariables_1a1ea4a43be146aeac04e4232412664f5d">list_coupled_trajectories</link></para>

<para>List of coupled trajectories in CT-MQC (in the current version all trajectories are coupled) </para>
</listitem>
            <listitem><para>character(len=400) <link linkend="_namespacevariables_1ab828aa682351077d000aa22678370409">positions_file</link> = &quot;&quot;</para>

<para>Path to the file here initial positions are listed in case they are generated by another program, read in input. </para>
</listitem>
            <listitem><para>character(len=400) <link linkend="_namespacevariables_1a497dfe6ec833d5836b449fa765e12e99">momenta_file</link> = &quot;&quot;</para>

<para>Path to the file here initial momenta are listed in case they are generated by another program, read in input. </para>
</listitem>
            <listitem><para>character(len=400) <link linkend="_namespacevariables_1ac58599b7c2bb340a4b0ac797c9184ae3">output_folder</link> = &quot;./&quot;</para>

<para>Path to the directory where the output is written, read in input; note that in such directory, two sub-directories (coeff and trajectories) have to be created. </para>
</listitem>
        </itemizedlist>
</simplesect>
<section>
<title>Detailed Description</title>

<para>The module defines all common variables. </para>

<para><formalpara><title>Author</title>

<para>Federica Agostini, Institut de Chimie Physique, University Paris-Saclay. </para>
</formalpara>
</para>
</section>
<section>
<title>Variable Documentation</title>
<anchor xml:id="_namespacevariables_1a1ae63226ec18c8ec6ba7e4f5c763781f"/>    <section>
    <title>adia_nrg_gap</title>
<indexterm><primary>adia_nrg_gap</primary><secondary>variables</secondary></indexterm>
<indexterm><primary>variables</primary><secondary>adia_nrg_gap</secondary></indexterm>
<para><computeroutput>real(kind=dp) variables::adia_nrg_gap = 10000.0D0</computeroutput></para><para>

<para>Energy treshold to compute the non-adiabatic coupling vectors for the classical force. </para>
</para>
<para>
Definition at line 79 of file variables.f90.</para>
    </section><anchor xml:id="_namespacevariables_1ac8922cdc14c4f71ec5f1dabc122ea80d"/>    <section>
    <title>amu_to_au</title>
<indexterm><primary>amu_to_au</primary><secondary>variables</secondary></indexterm>
<indexterm><primary>variables</primary><secondary>amu_to_au</secondary></indexterm>
<para><computeroutput>real (kind=dp), parameter variables::amu_to_au = 1836.0_dp</computeroutput></para><para>

<para>Conversion factor from atomic mass units to atomic units. </para>
</para>
<para>
Definition at line 34 of file variables.f90.</para>
    </section><anchor xml:id="_namespacevariables_1aad566c0f8837376d5b5051540367006d"/>    <section>
    <title>au_to_ang</title>
<indexterm><primary>au_to_ang</primary><secondary>variables</secondary></indexterm>
<indexterm><primary>variables</primary><secondary>au_to_ang</secondary></indexterm>
<para><computeroutput>real (kind=dp), parameter variables::au_to_ang = 0.52917721067121_dp</computeroutput></para><para>

<para>Conversion factor from bohr to angstrom. </para>
</para>
<para>
Definition at line 30 of file variables.f90.</para>
    </section><anchor xml:id="_namespacevariables_1ad100d946666356c0f02a244f2e27e1d9"/>    <section>
    <title>au_to_ev</title>
<indexterm><primary>au_to_ev</primary><secondary>variables</secondary></indexterm>
<indexterm><primary>variables</primary><secondary>au_to_ev</secondary></indexterm>
<para><computeroutput>real (kind=dp), parameter variables::au_to_ev = 27.2114_dp</computeroutput></para><para>

<para>Conversion factor from Hartree to electronvolts. </para>
</para>
<para>
Definition at line 32 of file variables.f90.</para>
    </section><anchor xml:id="_namespacevariables_1afb6f8c4aeabffd06a2f747ba356ee4ca"/>    <section>
    <title>bo_coh</title>
<indexterm><primary>bo_coh</primary><secondary>variables</secondary></indexterm>
<indexterm><primary>variables</primary><secondary>bo_coh</secondary></indexterm>
<para><computeroutput>real(kind=dp), dimension(:), allocatable variables::bo_coh</computeroutput></para><para>

<para>Electronic coherences. </para>
</para>
<para>
Definition at line 163 of file variables.f90.</para>
    </section><anchor xml:id="_namespacevariables_1a2a73e8becd0149734da585f50a1d47bb"/>    <section>
    <title>bo_pop</title>
<indexterm><primary>bo_pop</primary><secondary>variables</secondary></indexterm>
<indexterm><primary>variables</primary><secondary>bo_pop</secondary></indexterm>
<para><computeroutput>real(kind=dp), dimension(:), allocatable variables::bo_pop</computeroutput></para><para>

<para>Populations of the electronic states computed from the electronic coefficients. </para>
</para>
<para>
Definition at line 158 of file variables.f90.</para>
    </section><anchor xml:id="_namespacevariables_1a01a9d3567cc98f502a8e010d52c19297"/>    <section>
    <title>bo_pop_sh</title>
<indexterm><primary>bo_pop_sh</primary><secondary>variables</secondary></indexterm>
<indexterm><primary>variables</primary><secondary>bo_pop_sh</secondary></indexterm>
<para><computeroutput>real(kind=dp), dimension(:), allocatable variables::bo_pop_sh</computeroutput></para><para>

<para>Populations of the electronic states computed in surface hopping as the ratio of trajectories running in each state over the total number of trajectories. </para>
</para>
<para>
Definition at line 160 of file variables.f90.</para>
    </section><anchor xml:id="_namespacevariables_1a767fd537b71696ddaa20d6e81d503756"/>    <section>
    <title>boenergy</title>
<indexterm><primary>boenergy</primary><secondary>variables</secondary></indexterm>
<indexterm><primary>variables</primary><secondary>boenergy</secondary></indexterm>
<para><computeroutput>real(kind=dp), dimension(:,:), allocatable variables::boenergy</computeroutput></para><para>

<para>Electronic energies, either adiabatic or spin-(a)diabatic. </para>
</para>
<para>
Definition at line 156 of file variables.f90.</para>
    </section><anchor xml:id="_namespacevariables_1a2545c7aae8865e43afa2222be48b3762"/>    <section>
    <title>boforce</title>
<indexterm><primary>boforce</primary><secondary>variables</secondary></indexterm>
<indexterm><primary>variables</primary><secondary>boforce</secondary></indexterm>
<para><computeroutput>real(kind=dp), dimension(:,:,:), allocatable variables::boforce</computeroutput></para><para>

<para>Gradients of the electronic energies, either adiabatic or spin-(a)diabatic. </para>
</para>
<para>
Definition at line 150 of file variables.f90.</para>
    </section><anchor xml:id="_namespacevariables_1ad3352953ff5eccddec7ebb9ae9a866b3"/>    <section>
    <title>c_parameter</title>
<indexterm><primary>c_parameter</primary><secondary>variables</secondary></indexterm>
<indexterm><primary>variables</primary><secondary>c_parameter</secondary></indexterm>
<para><computeroutput>real(kind=dp) variables::c_parameter = 0.1_dp</computeroutput></para><para>

<para>Value of the parameter C in the energy-decoherence correction used in surface hopping, read in input. </para>
</para>
<para>
Definition at line 73 of file variables.f90.</para>
    </section><anchor xml:id="_namespacevariables_1a7a298857dffd47b31fa1c97cdd1f4d78"/>    <section>
    <title>coup</title>
<indexterm><primary>coup</primary><secondary>variables</secondary></indexterm>
<indexterm><primary>variables</primary><secondary>coup</secondary></indexterm>
<para><computeroutput>real(kind=dp), dimension(:,:,:,:), allocatable variables::coup</computeroutput></para><para>

<para>Non-adiabatic couplings. </para>
</para>
<para>
Definition at line 152 of file variables.f90.</para>
    </section><anchor xml:id="_namespacevariables_1adb5e68519739d37f48ee0d140fb9b63f"/>    <section>
    <title>coup_so</title>
<indexterm><primary>coup_so</primary><secondary>variables</secondary></indexterm>
<indexterm><primary>variables</primary><secondary>coup_so</secondary></indexterm>
<para><computeroutput>complex(kind=qp), dimension(:,:,:), allocatable variables::coup_so</computeroutput></para><para>

<para>Spin-orbit coupling. </para>
</para>
<para>
Definition at line 154 of file variables.f90.</para>
    </section><anchor xml:id="_namespacevariables_1a915d7262ff7c820f1d4f5dfd73bacb46"/>    <section>
    <title>density</title>
<indexterm><primary>density</primary><secondary>variables</secondary></indexterm>
<indexterm><primary>variables</primary><secondary>density</secondary></indexterm>
<para><computeroutput>real(kind=dp), dimension(:), allocatable variables::density</computeroutput></para><para>

<para>Nuclear density. </para>
</para>
<para>
Definition at line 174 of file variables.f90.</para>
    </section><anchor xml:id="_namespacevariables_1a04a20627dc53fd751d742d6432dbec4f"/>    <section>
    <title>dt</title>
<indexterm><primary>dt</primary><secondary>variables</secondary></indexterm>
<indexterm><primary>variables</primary><secondary>dt</secondary></indexterm>
<para><computeroutput>real(kind=dp) variables::dt = 0.1_dp</computeroutput></para><para>

<para>Time step, read in input. </para>
</para>
<para>
Definition at line 104 of file variables.f90.</para>
    </section><anchor xml:id="_namespacevariables_1ac2dd52281771ef47435419abdbdc1a7a"/>    <section>
    <title>dump</title>
<indexterm><primary>dump</primary><secondary>variables</secondary></indexterm>
<indexterm><primary>variables</primary><secondary>dump</secondary></indexterm>
<para><computeroutput>integer variables::dump = 1</computeroutput></para><para>

<para>Number of time steps after which the output is dumped, read in input. </para>
</para>
<para>
Definition at line 123 of file variables.f90.</para>
    </section><anchor xml:id="_namespacevariables_1a40aad0c031e023db50cf3038bacdfc96"/>    <section>
    <title>final_time</title>
<indexterm><primary>final_time</primary><secondary>variables</secondary></indexterm>
<indexterm><primary>variables</primary><secondary>final_time</secondary></indexterm>
<para><computeroutput>real(kind=dp) variables::final_time = 0.0_dp</computeroutput></para><para>

<para>Length of the simulations, read in input. </para>
</para>
<para>
Definition at line 106 of file variables.f90.</para>
    </section><anchor xml:id="_namespacevariables_1a4f7c4b76127660a6ab1b9c2d0ced2757"/>    <section>
    <title>hbar</title>
<indexterm><primary>hbar</primary><secondary>variables</secondary></indexterm>
<indexterm><primary>variables</primary><secondary>hbar</secondary></indexterm>
<para><computeroutput>real(kind=dp), parameter variables::hbar = 1.0_dp</computeroutput></para><para>

<para>Reduced Planck constant. </para>
</para>
<para>
Definition at line 26 of file variables.f90.</para>
    </section><anchor xml:id="_namespacevariables_1ac09a56a235e6e5aaebd2ea6ee32188dd"/>    <section>
    <title>im_unit</title>
<indexterm><primary>im_unit</primary><secondary>variables</secondary></indexterm>
<indexterm><primary>variables</primary><secondary>im_unit</secondary></indexterm>
<para><computeroutput>complex(kind=qp) variables::im_unit = (0.0_dp, 1.0_dp)</computeroutput></para><para>

<para>Imaginary unit. </para>
</para>
<para>
Definition at line 36 of file variables.f90.</para>
    </section><anchor xml:id="_namespacevariables_1ab1fb39e04d1c36e17fc4c952108b015f"/>    <section>
    <title>initial_bostate</title>
<indexterm><primary>initial_bostate</primary><secondary>variables</secondary></indexterm>
<indexterm><primary>variables</primary><secondary>initial_bostate</secondary></indexterm>
<para><computeroutput>integer variables::initial_bostate = 1</computeroutput></para><para>

<para>Initial electronic state, read in input. </para>
</para>
<para>
Definition at line 125 of file variables.f90.</para>
    </section><anchor xml:id="_namespacevariables_1ad5868a222f4b3b059586dc101d59e051"/>    <section>
    <title>initial_condition_seed</title>
<indexterm><primary>initial_condition_seed</primary><secondary>variables</secondary></indexterm>
<indexterm><primary>variables</primary><secondary>initial_condition_seed</secondary></indexterm>
<para><computeroutput>integer variables::initial_condition_seed = -100</computeroutput></para><para>

<para>Seed for the random number generator used for the selection of initial conditions, read in input. </para>
</para>
<para>
Definition at line 77 of file variables.f90.</para>
    </section><anchor xml:id="_namespacevariables_1ac2ee0b3f3771e6aea98fada2bfab02ac"/>    <section>
    <title>initial_momenta</title>
<indexterm><primary>initial_momenta</primary><secondary>variables</secondary></indexterm>
<indexterm><primary>variables</primary><secondary>initial_momenta</secondary></indexterm>
<para><computeroutput>real(kind=dp), dimension(:,:), allocatable variables::initial_momenta</computeroutput></para><para>

<para>Initial nuclear momenta. </para>
</para>
<para>
Definition at line 167 of file variables.f90.</para>
    </section><anchor xml:id="_namespacevariables_1a5543ce933ba875fb285c8f593b608377"/>    <section>
    <title>initial_positions</title>
<indexterm><primary>initial_positions</primary><secondary>variables</secondary></indexterm>
<indexterm><primary>variables</primary><secondary>initial_positions</secondary></indexterm>
<para><computeroutput>real(kind=dp), dimension(:,:), allocatable variables::initial_positions</computeroutput></para><para>

<para>Initial nuclear positions. </para>
</para>
<para>
Definition at line 165 of file variables.f90.</para>
    </section><anchor xml:id="_namespacevariables_1a149d7da8cd6d060ce7e448e7b1c0d579"/>    <section>
    <title>jump_seed</title>
<indexterm><primary>jump_seed</primary><secondary>variables</secondary></indexterm>
<indexterm><primary>variables</primary><secondary>jump_seed</secondary></indexterm>
<para><computeroutput>integer variables::jump_seed = -100</computeroutput></para><para>

<para>Seed for the random number generator used for the probability jump is surface hopping, read in input. </para>
</para>
<para>
Definition at line 75 of file variables.f90.</para>
    </section><anchor xml:id="_namespacevariables_1a2baa17a4e682051a99a5a9aae3fef710"/>    <section>
    <title>k0</title>
<indexterm><primary>k0</primary><secondary>variables</secondary></indexterm>
<indexterm><primary>variables</primary><secondary>k0</secondary></indexterm>
<para><computeroutput>real(kind=dp), dimension(:), allocatable variables::k0</computeroutput></para><para>

<para>Mean nuclear momenta. </para>
</para>
<para>
Definition at line 138 of file variables.f90.</para>
    </section><anchor xml:id="_namespacevariables_1a9cd0eab367bc3601efcf4bf89c26af6a"/>    <section>
    <title>k_init</title>
<indexterm><primary>k_init</primary><secondary>variables</secondary></indexterm>
<indexterm><primary>variables</primary><secondary>k_init</secondary></indexterm>
<para><computeroutput>real(kind=dp), dimension(100) variables::k_init</computeroutput></para><para>

<para>Mean momenta to initialize nuclear momenta, read in input. </para>
</para>
<para>
Definition at line 110 of file variables.f90.</para>
    </section><anchor xml:id="_namespacevariables_1a1ea4a43be146aeac04e4232412664f5d"/>    <section>
    <title>list_coupled_trajectories</title>
<indexterm><primary>list_coupled_trajectories</primary><secondary>variables</secondary></indexterm>
<indexterm><primary>variables</primary><secondary>list_coupled_trajectories</secondary></indexterm>
<para><computeroutput>integer, dimension(:), allocatable variables::list_coupled_trajectories</computeroutput></para><para>

<para>List of coupled trajectories in CT-MQC (in the current version all trajectories are coupled) </para>
</para>
<para>
Definition at line 179 of file variables.f90.</para>
    </section><anchor xml:id="_namespacevariables_1af92d991704258f8297b8b198e53135f3"/>    <section>
    <title>m_parameter</title>
<indexterm><primary>m_parameter</primary><secondary>variables</secondary></indexterm>
<indexterm><primary>variables</primary><secondary>m_parameter</secondary></indexterm>
<para><computeroutput>real(kind=dp), dimension(100) variables::m_parameter = 10.0_dp</computeroutput></para><para>

<para>M_parameter is used only when cl_qmom = TRUE to determine &quot;how far&quot; each trajectory has to search to find its neighbours, read in input. </para>
</para>
<para>
Definition at line 90 of file variables.f90.</para>
    </section><anchor xml:id="_namespacevariables_1aa7131651bfffd1fdaff88b51a2abd678"/>    <section>
    <title>mass</title>
<indexterm><primary>mass</primary><secondary>variables</secondary></indexterm>
<indexterm><primary>variables</primary><secondary>mass</secondary></indexterm>
<para><computeroutput>real(kind=dp), dimension(:), allocatable variables::mass</computeroutput></para><para>

<para>Nuclear masses. </para>
</para>
<para>
Definition at line 144 of file variables.f90.</para>
    </section><anchor xml:id="_namespacevariables_1a7c9d49f132811737854b272426c79008"/>    <section>
    <title>mass_input</title>
<indexterm><primary>mass_input</primary><secondary>variables</secondary></indexterm>
<indexterm><primary>variables</primary><secondary>mass_input</secondary></indexterm>
<para><computeroutput>real(kind=dp), dimension(100) variables::mass_input = 0.0_dp</computeroutput></para><para>

<para>Nuclear masses, read in input. </para>
</para>
<para>
Definition at line 112 of file variables.f90.</para>
    </section><anchor xml:id="_namespacevariables_1a7986629993fb0d34559b416ad7f87292"/>    <section>
    <title>model_potential</title>
<indexterm><primary>model_potential</primary><secondary>variables</secondary></indexterm>
<indexterm><primary>variables</primary><secondary>model_potential</secondary></indexterm>
<para><computeroutput>character(len=100) variables::model_potential = &quot;unknown&quot;</computeroutput></para><para>

<para>Name of the model potential as it is defined in QuantumModelLib, read in input. </para>
</para>
<para>
Definition at line 51 of file variables.f90.</para>
    </section><anchor xml:id="_namespacevariables_1a497dfe6ec833d5836b449fa765e12e99"/>    <section>
    <title>momenta_file</title>
<indexterm><primary>momenta_file</primary><secondary>variables</secondary></indexterm>
<indexterm><primary>variables</primary><secondary>momenta_file</secondary></indexterm>
<para><computeroutput>character(len=400) variables::momenta_file = &quot;&quot;</computeroutput></para><para>

<para>Path to the file here initial momenta are listed in case they are generated by another program, read in input. </para>
</para>
<para>
Definition at line 188 of file variables.f90.</para>
    </section><anchor xml:id="_namespacevariables_1a668867c2ac7e34a0663f1915b2165387"/>    <section>
    <title>n_dof</title>
<indexterm><primary>n_dof</primary><secondary>variables</secondary></indexterm>
<indexterm><primary>variables</primary><secondary>n_dof</secondary></indexterm>
<para><computeroutput>integer variables::n_dof = 1</computeroutput></para><para>

<para>Number of degrees of nuclear freedom, read in input. </para>
</para>
<para>
Definition at line 58 of file variables.f90.</para>
    </section><anchor xml:id="_namespacevariables_1a3834e5921df11cbddfa2c96ccda4bd08"/>    <section>
    <title>new_potential</title>
<indexterm><primary>new_potential</primary><secondary>variables</secondary></indexterm>
<indexterm><primary>variables</primary><secondary>new_potential</secondary></indexterm>
<para><computeroutput>logical variables::new_potential = .FALSE.</computeroutput></para><para>

<para>It is FALSE if the QuantumModelLib potential library is used; it is TRUE if the potentials in <link linkend="_analytical__potentials_8f90">analytical_potentials.f90</link> are used, read in input. </para>
</para>
<para>
Definition at line 55 of file variables.f90.</para>
    </section><anchor xml:id="_namespacevariables_1a836f9ab38c17f0326b50b960414bbe66"/>    <section>
    <title>npairs</title>
<indexterm><primary>npairs</primary><secondary>variables</secondary></indexterm>
<indexterm><primary>variables</primary><secondary>npairs</secondary></indexterm>
<para><computeroutput>integer variables::npairs = 1</computeroutput></para><para>

<para>Number of pairs of electronic states. </para>
</para>
<para>
Definition at line 62 of file variables.f90.</para>
    </section><anchor xml:id="_namespacevariables_1a773129925702c06b767ee5948e6d8369"/>    <section>
    <title>nrg_check</title>
<indexterm><primary>nrg_check</primary><secondary>variables</secondary></indexterm>
<indexterm><primary>variables</primary><secondary>nrg_check</secondary></indexterm>
<para><computeroutput>logical variables::nrg_check = .FALSE.</computeroutput></para><para>

<para>It is TRUE if the spin-orbit coupling is switched-off when the energy gap between spin-diabatic states is above a certain treshold, read in input. </para>
</para>
<para>
Definition at line 81 of file variables.f90.</para>
    </section><anchor xml:id="_namespacevariables_1a0ffb326d7311be33ba677ed84d5b6ba4"/>    <section>
    <title>nrg_gap</title>
<indexterm><primary>nrg_gap</primary><secondary>variables</secondary></indexterm>
<indexterm><primary>variables</primary><secondary>nrg_gap</secondary></indexterm>
<para><computeroutput>real(kind=dp) variables::nrg_gap = 10000.0D0</computeroutput></para><para>

<para>Energy treshold to switch-off the spin-orbit coupling, read in input. </para>
</para>
<para>
Definition at line 84 of file variables.f90.</para>
    </section><anchor xml:id="_namespacevariables_1af011425a070282cdf4f7869cc91b2e7c"/>    <section>
    <title>nstates</title>
<indexterm><primary>nstates</primary><secondary>variables</secondary></indexterm>
<indexterm><primary>variables</primary><secondary>nstates</secondary></indexterm>
<para><computeroutput>integer variables::nstates = 2</computeroutput></para><para>

<para>Number of electronic states, read in input. </para>
</para>
<para>
Definition at line 60 of file variables.f90.</para>
    </section><anchor xml:id="_namespacevariables_1a55efc2aa607a220f981be3b6fa94a1d0"/>    <section>
    <title>nsteps</title>
<indexterm><primary>nsteps</primary><secondary>variables</secondary></indexterm>
<indexterm><primary>variables</primary><secondary>nsteps</secondary></indexterm>
<para><computeroutput>integer variables::nsteps = 100</computeroutput></para><para>

<para>Total number of dynamics time steps. </para>
</para>
<para>
Definition at line 121 of file variables.f90.</para>
    </section><anchor xml:id="_namespacevariables_1a8995c056c032e0032610f890f8ccc59d"/>    <section>
    <title>ntraj</title>
<indexterm><primary>ntraj</primary><secondary>variables</secondary></indexterm>
<indexterm><primary>variables</primary><secondary>ntraj</secondary></indexterm>
<para><computeroutput>integer variables::ntraj = 100</computeroutput></para><para>

<para>Number of nuclear trajectories, read in input. </para>
</para>
<para>
Definition at line 119 of file variables.f90.</para>
    </section><anchor xml:id="_namespacevariables_1ad5c48996717183560da978058f4b0e06"/>    <section>
    <title>occ_state</title>
<indexterm><primary>occ_state</primary><secondary>variables</secondary></indexterm>
<indexterm><primary>variables</primary><secondary>occ_state</secondary></indexterm>
<para><computeroutput>integer, dimension(:), allocatable variables::occ_state</computeroutput></para><para>

<para>Active or force state in surface hopping. </para>
</para>
<para>
Definition at line 176 of file variables.f90.</para>
    </section><anchor xml:id="_namespacevariables_1a8b6dcca1275e70e8632e27d1a246883f"/>    <section>
    <title>option</title>
<indexterm><primary>option</primary><secondary>variables</secondary></indexterm>
<indexterm><primary>variables</primary><secondary>option</secondary></indexterm>
<para><computeroutput>integer variables::option = 1</computeroutput></para><para>

<para>Only used for Tully models and can be 1, 2, or 3, read in input. </para>
</para>
<para>
Definition at line 53 of file variables.f90.</para>
    </section><anchor xml:id="_namespacevariables_1ac58599b7c2bb340a4b0ac797c9184ae3"/>    <section>
    <title>output_folder</title>
<indexterm><primary>output_folder</primary><secondary>variables</secondary></indexterm>
<indexterm><primary>variables</primary><secondary>output_folder</secondary></indexterm>
<para><computeroutput>character(len=400) variables::output_folder = &quot;./&quot;</computeroutput></para><para>

<para>Path to the directory where the output is written, read in input; note that in such directory, two sub-directories (coeff and trajectories) have to be created. </para>
</para>
<para>
Definition at line 191 of file variables.f90.</para>
    </section><anchor xml:id="_namespacevariables_1abc7d9f91b11cface87a798188bfa8de5"/>    <section>
    <title>period</title>
<indexterm><primary>period</primary><secondary>variables</secondary></indexterm>
<indexterm><primary>variables</primary><secondary>period</secondary></indexterm>
<para><computeroutput>real(kind=dp), dimension(:), allocatable variables::period</computeroutput></para><para>

<para>Periodicity of the periodic nuclear nuclear coordinate in unit of pi. </para>
</para>
<para>
Definition at line 140 of file variables.f90.</para>
    </section><anchor xml:id="_namespacevariables_1ab398c69cdb91e1c214f4c55dda9aaf9f"/>    <section>
    <title>periodic_in</title>
<indexterm><primary>periodic_in</primary><secondary>variables</secondary></indexterm>
<indexterm><primary>variables</primary><secondary>periodic_in</secondary></indexterm>
<para><computeroutput>logical, dimension(:), allocatable variables::periodic_in</computeroutput></para><para>

<para>It is TRUE for each periodic nuclear coordinate. </para>
</para>
<para>
Definition at line 142 of file variables.f90.</para>
    </section><anchor xml:id="_namespacevariables_1af3a802c960ad30a6d3a9051be122c45e"/>    <section>
    <title>periodic_variable</title>
<indexterm><primary>periodic_variable</primary><secondary>variables</secondary></indexterm>
<indexterm><primary>variables</primary><secondary>periodic_variable</secondary></indexterm>
<para><computeroutput>logical, dimension(100) variables::periodic_variable = .FALSE.</computeroutput></para><para>

<para>It is TRUE for each periodic nuclear coordinate, read in input. </para>
</para>
<para>
Definition at line 64 of file variables.f90.</para>
    </section><anchor xml:id="_namespacevariables_1a3fe769ab8229f34d093882ebc9446765"/>    <section>
    <title>periodicity</title>
<indexterm><primary>periodicity</primary><secondary>variables</secondary></indexterm>
<indexterm><primary>variables</primary><secondary>periodicity</secondary></indexterm>
<para><computeroutput>real(kind=dp), dimension(100) variables::periodicity = 0.0_dp</computeroutput></para><para>

<para>Periodicity of the correspoding nuclear nuclear coordinate in unit of pi, read in input. </para>
</para>
<para>
Definition at line 66 of file variables.f90.</para>
    </section><anchor xml:id="_namespacevariables_1ac8f8cd80af682db3e55c7b3bcefd78e6"/>    <section>
    <title>pi</title>
<indexterm><primary>pi</primary><secondary>variables</secondary></indexterm>
<indexterm><primary>variables</primary><secondary>pi</secondary></indexterm>
<para><computeroutput>real(kind=dp) variables::pi = 3.14159265359_dp</computeroutput></para><para>

<para>pi </para>
</para>
<para>
Definition at line 38 of file variables.f90.</para>
    </section><anchor xml:id="_namespacevariables_1ab828aa682351077d000aa22678370409"/>    <section>
    <title>positions_file</title>
<indexterm><primary>positions_file</primary><secondary>variables</secondary></indexterm>
<indexterm><primary>variables</primary><secondary>positions_file</secondary></indexterm>
<para><computeroutput>character(len=400) variables::positions_file = &quot;&quot;</computeroutput></para><para>

<para>Path to the file here initial positions are listed in case they are generated by another program, read in input. </para>
</para>
<para>
Definition at line 185 of file variables.f90.</para>
    </section><anchor xml:id="_namespacevariables_1a610698c08f69dd42fe82f46c85dc5538"/>    <section>
    <title>qmom_force</title>
<indexterm><primary>qmom_force</primary><secondary>variables</secondary></indexterm>
<indexterm><primary>variables</primary><secondary>qmom_force</secondary></indexterm>
<para><computeroutput>logical variables::qmom_force = .TRUE.</computeroutput></para><para>

<para>It is TRUE when quantum-momentum force is used in CT-MQC, read in input. </para>
</para>
<para>
Definition at line 88 of file variables.f90.</para>
    </section><anchor xml:id="_namespacevariables_1adbab92a50e7cdee9a6e5c6aae5e315df"/>    <section>
    <title>r0</title>
<indexterm><primary>r0</primary><secondary>variables</secondary></indexterm>
<indexterm><primary>variables</primary><secondary>r0</secondary></indexterm>
<para><computeroutput>real(kind=dp), dimension(:), allocatable variables::r0</computeroutput></para><para>

<para>Mean nuclear positions. </para>
</para>
<para>
Definition at line 134 of file variables.f90.</para>
    </section><anchor xml:id="_namespacevariables_1ac899ae2f2df0c3aa9e5d99c6ba034fda"/>    <section>
    <title>r02</title>
<indexterm><primary>r02</primary><secondary>variables</secondary></indexterm>
<indexterm><primary>variables</primary><secondary>r02</secondary></indexterm>
<para><computeroutput>real(kind=dp), dimension(:), allocatable variables::r02</computeroutput></para><para>

<para>Mean nuclear positions squared. </para>
</para>
<para>
Definition at line 136 of file variables.f90.</para>
    </section><anchor xml:id="_namespacevariables_1a69578646e2aa0d32889120d5b8359110"/>    <section>
    <title>r_init</title>
<indexterm><primary>r_init</primary><secondary>variables</secondary></indexterm>
<indexterm><primary>variables</primary><secondary>r_init</secondary></indexterm>
<para><computeroutput>real(kind=dp), dimension(100) variables::r_init</computeroutput></para><para>

<para>Mean positions to initialize nuclear positions, read in input. </para>
</para>
<para>
Definition at line 108 of file variables.f90.</para>
    </section><anchor xml:id="_namespacevariables_1a52086073bad64f461333d8f6b0381eb0"/>    <section>
    <title>sigma</title>
<indexterm><primary>sigma</primary><secondary>variables</secondary></indexterm>
<indexterm><primary>variables</primary><secondary>sigma</secondary></indexterm>
<para><computeroutput>real(kind=dp), dimension(:), allocatable variables::sigma</computeroutput></para><para>

<para>Position variances to initialize nuclear positions. </para>
</para>
<para>
Definition at line 146 of file variables.f90.</para>
    </section><anchor xml:id="_namespacevariables_1aba9995d51a0298c8111345f0a656b16c"/>    <section>
    <title>sigmap_init</title>
<indexterm><primary>sigmap_init</primary><secondary>variables</secondary></indexterm>
<indexterm><primary>variables</primary><secondary>sigmap_init</secondary></indexterm>
<para><computeroutput>real(kind=dp), dimension(100) variables::sigmap_init = -100.0_dp</computeroutput></para><para>

<para>Momentum variances to initialize nuclear momenta, only necessary for non-Wigner sampling, read in input. </para>
</para>
<para>
Definition at line 116 of file variables.f90.</para>
    </section><anchor xml:id="_namespacevariables_1ae25d2599dbf45a48a5bcf469c3d17ec8"/>    <section>
    <title>sigmar_init</title>
<indexterm><primary>sigmar_init</primary><secondary>variables</secondary></indexterm>
<indexterm><primary>variables</primary><secondary>sigmar_init</secondary></indexterm>
<para><computeroutput>real(kind=dp), dimension(100) variables::sigmar_init</computeroutput></para><para>

<para>Position variances to initialize nuclear positions, read in input. </para>
</para>
<para>
Definition at line 114 of file variables.f90.</para>
    </section><anchor xml:id="_namespacevariables_1ab043484be6fb6d8c4ad8598b38118394"/>    <section>
    <title>spin_dia</title>
<indexterm><primary>spin_dia</primary><secondary>variables</secondary></indexterm>
<indexterm><primary>variables</primary><secondary>spin_dia</secondary></indexterm>
<para><computeroutput>logical variables::spin_dia = .FALSE.</computeroutput></para><para>

<para>It is TRUE when the spin-diabatic basis is used in CT-MQC, read in input. </para>
</para>
<para>
Definition at line 86 of file variables.f90.</para>
    </section><anchor xml:id="_namespacevariables_1ac4c8578ccf88450e0247d06aff091871"/>    <section>
    <title>tdpes</title>
<indexterm><primary>tdpes</primary><secondary>variables</secondary></indexterm>
<indexterm><primary>variables</primary><secondary>tdpes</secondary></indexterm>
<para><computeroutput>real(kind=dp), dimension(:), allocatable variables::tdpes</computeroutput></para><para>

<para>Gauge invariant part of the TDPES in CT-MQC calculation and mean Ehrenfest potential in Ehrenfest dynamics. </para>
</para>
<para>
Definition at line 171 of file variables.f90.</para>
    </section><anchor xml:id="_namespacevariables_1acd07b1bc8413f60cb431816163d6a0e7"/>    <section>
    <title>typ_cal</title>
<indexterm><primary>typ_cal</primary><secondary>variables</secondary></indexterm>
<indexterm><primary>variables</primary><secondary>typ_cal</secondary></indexterm>
<para><computeroutput>character(len=5) variables::typ_cal = &quot;EHREN&quot;</computeroutput></para><para>

<para>Type of dynamics that is executed: EHREN for Ehrenfest dynamics, TSHLZ for surface hopping with Landau-Zener hopping probability, TSHFS for surface hopping with fewest-switches hopping probability, CTMQC for CT-MQC, read in input. </para>
</para>
<para>
Definition at line 44 of file variables.f90.</para>
    </section><anchor xml:id="_namespacevariables_1a444e15df2d8c65636cef6aec1c7e7af3"/>    <section>
    <title>type_deco</title>
<indexterm><primary>type_deco</primary><secondary>variables</secondary></indexterm>
<indexterm><primary>variables</primary><secondary>type_deco</secondary></indexterm>
<para><computeroutput>character(len=2) variables::type_deco = &quot;&quot;</computeroutput></para><para>

<para>Type of decoherence scheme applied on surface hooping: CT based on coupled trajectories and on quantum momentum, ED which is the energy-decoherence correction, read in input. </para>
</para>
<para>
Definition at line 68 of file variables.f90.</para>
    </section><anchor xml:id="_namespacevariables_1a8fb4033efb4387a7058333d13806444d"/>    <section>
    <title>var_momentum</title>
<indexterm><primary>var_momentum</primary><secondary>variables</secondary></indexterm>
<indexterm><primary>variables</primary><secondary>var_momentum</secondary></indexterm>
<para><computeroutput>real(kind=dp), dimension(:), allocatable variables::var_momentum</computeroutput></para><para>

<para>Momentum variances to initialize nuclear momenta. </para>
</para>
<para>
Definition at line 148 of file variables.f90.</para>
    </section><anchor xml:id="_namespacevariables_1a99f474690efde6532bcd05bb72366dee"/>    <section>
    <title>weight</title>
<indexterm><primary>weight</primary><secondary>variables</secondary></indexterm>
<indexterm><primary>variables</primary><secondary>weight</secondary></indexterm>
<para><computeroutput>real(kind=dp), dimension(:), allocatable variables::weight</computeroutput></para><para>

<para>Weight of each trajectory (usually it is equal to unity) </para>
</para>
<para>
Definition at line 169 of file variables.f90.</para>
    </section><anchor xml:id="_namespacevariables_1ab23eef0a897c91d12e4c94e471d25eac"/>    <section>
    <title>zero</title>
<indexterm><primary>zero</primary><secondary>variables</secondary></indexterm>
<indexterm><primary>variables</primary><secondary>zero</secondary></indexterm>
<para><computeroutput>real(kind=dp), parameter variables::zero = 0.0000000010_dp</computeroutput></para><para>

<para>&quot;Numerical&quot; zero </para>
</para>
<para>
Definition at line 28 of file variables.f90.</para>
</section>
</section>
</section>
