<?xml version='1.0' encoding='UTF-8' standalone='no'?>
<section xmlns="http://docbook.org/ns/docbook" version="5.0" xmlns:xlink="http://www.w3.org/1999/xlink" xml:id="_namespacesemiclassics" xml:lang="en-US">
<title>semiclassics Module Reference</title>
<indexterm><primary>semiclassics</primary></indexterm>
<para>

<para>Calculation of the classical action along a trajectory by integrating the lagrangian over time. </para>
 
</para>
<simplesect>
    <title>Functions/Subroutines    </title>
        <itemizedlist>
            <listitem><para>subroutine <link linkend="_namespacesemiclassics_1a173e20d4cb337cb8e7bd8a6f55bd5a12">action_calculation</link> (Vcl, my_rho, e_BO, cl_action, tdvp)</para>

<para>The classical lagrangian of each trajectory is accumulated over time to compute the classical action. </para>
</listitem>
        </itemizedlist>
</simplesect>
<section>
<title>Detailed Description</title>

<para>Calculation of the classical action along a trajectory by integrating the lagrangian over time. </para>

<para><formalpara><title>Author</title>

<para>Federica Agostini, Institut de Chimie Physique, University Paris-Saclay. </para>
</formalpara>
</para>
</section>
<section>
<title>Function/Subroutine Documentation</title>
<anchor xml:id="_namespacesemiclassics_1a173e20d4cb337cb8e7bd8a6f55bd5a12"/>    <section>
    <title>action_calculation()</title>
<indexterm><primary>action_calculation</primary><secondary>semiclassics</secondary></indexterm>
<indexterm><primary>semiclassics</primary><secondary>action_calculation</secondary></indexterm>
<para><computeroutput>subroutine semiclassics::action_calculation (real(kind=dp), dimension(ntraj,n_dof), intent(in) Vcl, complex(kind=qp), dimension(ntraj,nstates,nstates), intent(in) my_rho, real(kind=dp), dimension(ntraj,nstates), intent(in) e_BO, real(kind=dp), dimension(ntraj), intent(inout) cl_action, real(kind=dp), dimension(ntraj,n_dof), intent(in) tdvp)</computeroutput></para><para>

<para>The classical lagrangian of each trajectory is accumulated over time to compute the classical action. </para>
</para>

<para>
                <formalpara>
                    <title>
Parameters                    </title>
                    <para>
                    <table frame="all">
                        <tgroup cols="3" align="left" colsep="1" rowsep="1">
                        <colspec colwidth="1*"/>
                        <colspec colwidth="1*"/>
                        <colspec colwidth="4*"/>
                        <tbody>
                            <row>
                                <entry>in                                </entry>                                <entry>Vcl</entry>
                                <entry>
<para>nuclear velocities </para>
</entry>
                            </row>
                            <row>
                                <entry>in                                </entry>                                <entry>e_BO</entry>
                                <entry>
<para>adiabatic or spin-(a)diabatic energies </para>
</entry>
                            </row>
                            <row>
                                <entry>in                                </entry>                                <entry>tdvp</entry>
                                <entry>
<para>time-depedent vector potential </para>
</entry>
                            </row>
                            <row>
                                <entry>in                                </entry>                                <entry>my_rho</entry>
                                <entry>
<para>electronic density matrix </para>
</entry>
                            </row>
                            <row>
                                <entry>in,out                                </entry>                                <entry>cl_action</entry>
                                <entry>
<para>classical action </para>
</entry>
                            </row>
                            <row>
                                <entry>                                </entry>                                <entry>itraj</entry>
                                <entry>
<para>integer index running over the Ntraj trajectories </para>
</entry>
                            </row>
                            <row>
                                <entry>                                </entry>                                <entry>i</entry>
                                <entry>
<para>integer index </para>
</entry>
                            </row>
                            <row>
                                <entry>                                </entry>                                <entry>i_dof</entry>
                                <entry>
<para>integer index running over the n_dof degrees of freedom </para>
</entry>
                            </row>
                            <row>
                                <entry>                                </entry>                                <entry>my_tdpes</entry>
                                <entry>
<para>temporary value of the gauge-invariant part of the TDPES </para>
</entry>
                            </row>
                            <row>
                                <entry>                                </entry>                                <entry>lagrangian</entry>
                                <entry>
<para>classical lagrangian </para>
</entry>
                            </row>
                            <row>
                                <entry>                                </entry>                                <entry>velocity</entry>
                                <entry>
<para>nuclear velocity subtracting the contribution fromt the time-depedent vector potential </para>
</entry>
                            </row>
                        </tbody>
                        </tgroup>
                    </table>
                    </para>
                </formalpara>
                <formalpara><title>Returns</title>

<para>The value of the classical action is returned. </para>
</formalpara>
</para>
<para>
Definition at line 47 of file semiclassics.f90.</para>
</section>
</section>
</section>
