<?xml version='1.0' encoding='UTF-8' standalone='no'?>
<section xmlns="http://docbook.org/ns/docbook" version="5.0" xmlns:xlink="http://www.w3.org/1999/xlink" xml:id="_namespacelinear__algebra" xml:lang="en-US">
<title>linear_algebra Module Reference</title>
<indexterm><primary>linear_algebra</primary></indexterm>
<simplesect>
    <title>Functions/Subroutines    </title>
        <itemizedlist>
            <listitem><para>subroutine <link linkend="_namespacelinear__algebra_1a6f84b1cfba5ecedf1f418a1d69aff7d6">diabatic_to_adiabatic_1d</link> (Hel)</para>
</listitem>
            <listitem><para>subroutine <link linkend="_namespacelinear__algebra_1a96628e7355d57dfd363e82d518490d56">diabatic_to_adiabatic_2d</link> (Hel)</para>
</listitem>
            <listitem><para>subroutine <link linkend="_namespacelinear__algebra_1ae22930f715b6c11cdb4913ee66d637ff">diabatic_to_adiabatic_3d</link> (Hel)</para>
</listitem>
            <listitem><para>subroutine <link linkend="_namespacelinear__algebra_1a625d8a52754cbb11b86460472ce2cc68">check_overlap</link> (eigenv_out, eigenv_in)</para>
</listitem>
            <listitem><para>subroutine <link linkend="_namespacelinear__algebra_1aa19395c66000eb182dbdc2fe1bda229f">non_adiabatic_couplings_1d</link> (U)</para>
</listitem>
            <listitem><para>subroutine <link linkend="_namespacelinear__algebra_1a7464cd7d343b1007841eb111050f28fc">non_adiabatic_couplings_2d</link> (U)</para>
</listitem>
            <listitem><para>subroutine <link linkend="_namespacelinear__algebra_1a465764713fcb0f860e60cbfbf76b956b">non_adiabatic_couplings_3d</link> (U)</para>
</listitem>
        </itemizedlist>
</simplesect>
<section>
<title>Function/Subroutine Documentation</title>
<anchor xml:id="_namespacelinear__algebra_1a625d8a52754cbb11b86460472ce2cc68"/>    <section>
    <title>check_overlap()</title>
<indexterm><primary>check_overlap</primary><secondary>linear_algebra</secondary></indexterm>
<indexterm><primary>linear_algebra</primary><secondary>check_overlap</secondary></indexterm>
<para><computeroutput>subroutine linear_algebra::check_overlap (real(kind=8), dimension(nstates,nstates), intent(out) eigenv_out, real(kind=8), dimension(nstates,nstates), intent(in) eigenv_in)</computeroutput></para><para>
Definition at line 196 of file linear_algebra.f90.</para>
    </section><anchor xml:id="_namespacelinear__algebra_1a6f84b1cfba5ecedf1f418a1d69aff7d6"/>    <section>
    <title>diabatic_to_adiabatic_1d()</title>
<indexterm><primary>diabatic_to_adiabatic_1d</primary><secondary>linear_algebra</secondary></indexterm>
<indexterm><primary>linear_algebra</primary><secondary>diabatic_to_adiabatic_1d</secondary></indexterm>
<para><computeroutput>subroutine linear_algebra::diabatic_to_adiabatic_1d (real(kind=8), dimension(nstates,nstates,x_points), intent(in) Hel)</computeroutput></para><para>
Definition at line 8 of file linear_algebra.f90.</para>
    </section><anchor xml:id="_namespacelinear__algebra_1a96628e7355d57dfd363e82d518490d56"/>    <section>
    <title>diabatic_to_adiabatic_2d()</title>
<indexterm><primary>diabatic_to_adiabatic_2d</primary><secondary>linear_algebra</secondary></indexterm>
<indexterm><primary>linear_algebra</primary><secondary>diabatic_to_adiabatic_2d</secondary></indexterm>
<para><computeroutput>subroutine linear_algebra::diabatic_to_adiabatic_2d (real(kind=8), dimension(nstates,nstates,x_points,y_points), intent(in) Hel)</computeroutput></para><para>
Definition at line 64 of file linear_algebra.f90.</para>
    </section><anchor xml:id="_namespacelinear__algebra_1ae22930f715b6c11cdb4913ee66d637ff"/>    <section>
    <title>diabatic_to_adiabatic_3d()</title>
<indexterm><primary>diabatic_to_adiabatic_3d</primary><secondary>linear_algebra</secondary></indexterm>
<indexterm><primary>linear_algebra</primary><secondary>diabatic_to_adiabatic_3d</secondary></indexterm>
<para><computeroutput>subroutine linear_algebra::diabatic_to_adiabatic_3d (real(kind=8), dimension(nstates,nstates,x_points,y_points,z_points), intent(in), optional Hel)</computeroutput></para><para>
Definition at line 127 of file linear_algebra.f90.</para>
    </section><anchor xml:id="_namespacelinear__algebra_1aa19395c66000eb182dbdc2fe1bda229f"/>    <section>
    <title>non_adiabatic_couplings_1d()</title>
<indexterm><primary>non_adiabatic_couplings_1d</primary><secondary>linear_algebra</secondary></indexterm>
<indexterm><primary>linear_algebra</primary><secondary>non_adiabatic_couplings_1d</secondary></indexterm>
<para><computeroutput>subroutine linear_algebra::non_adiabatic_couplings_1d (real(kind=8), dimension(nstates,nstates,x_points), intent(in) U)</computeroutput></para><para>
Definition at line 210 of file linear_algebra.f90.</para>
    </section><anchor xml:id="_namespacelinear__algebra_1a7464cd7d343b1007841eb111050f28fc"/>    <section>
    <title>non_adiabatic_couplings_2d()</title>
<indexterm><primary>non_adiabatic_couplings_2d</primary><secondary>linear_algebra</secondary></indexterm>
<indexterm><primary>linear_algebra</primary><secondary>non_adiabatic_couplings_2d</secondary></indexterm>
<para><computeroutput>subroutine linear_algebra::non_adiabatic_couplings_2d (real(kind=8), dimension(nstates,nstates,x_points,y_points), intent(in) U)</computeroutput></para><para>
Definition at line 268 of file linear_algebra.f90.</para>
    </section><anchor xml:id="_namespacelinear__algebra_1a465764713fcb0f860e60cbfbf76b956b"/>    <section>
    <title>non_adiabatic_couplings_3d()</title>
<indexterm><primary>non_adiabatic_couplings_3d</primary><secondary>linear_algebra</secondary></indexterm>
<indexterm><primary>linear_algebra</primary><secondary>non_adiabatic_couplings_3d</secondary></indexterm>
<para><computeroutput>subroutine linear_algebra::non_adiabatic_couplings_3d (real(kind=8), dimension(nstates,nstates,x_points,y_points,x_points), intent(in) U)</computeroutput></para><para>
Definition at line 382 of file linear_algebra.f90.</para>
</section>
</section>
</section>
