<?xml version='1.0' encoding='UTF-8' standalone='no'?>
<section xmlns="http://docbook.org/ns/docbook" version="5.0" xmlns:xlink="http://www.w3.org/1999/xlink" xml:id="_namespacekinds" xml:lang="en-US">
<title>kinds Module Reference</title>
<indexterm><primary>kinds</primary></indexterm>
<para>

<para>Definiton of kinds. </para>
 
</para>
<simplesect>
    <title>Variables    </title>
        <itemizedlist>
            <listitem><para>integer, parameter <link linkend="_namespacekinds_1a3592c80a445cf0d08dd82160a26d03ed">dp</link> =kind(0.0D0)</para>

<para>Indicator for real double precision. </para>
</listitem>
            <listitem><para>integer, parameter <link linkend="_namespacekinds_1ab9ae202470c73e48421f18653821469b">qp</link> =selected_real_kind(12)</para>

<para>Indicator for real quadrupole precision. </para>
</listitem>
        </itemizedlist>
</simplesect>
<section>
<title>Detailed Description</title>

<para>Definiton of kinds. </para>

<para><formalpara><title>Author</title>

<para>Federica Agostini, Institut de Chimie Physique, University Paris-Saclay. </para>
</formalpara>
</para>
</section>
<section>
<title>Variable Documentation</title>
<anchor xml:id="_namespacekinds_1a3592c80a445cf0d08dd82160a26d03ed"/>    <section>
    <title>dp</title>
<indexterm><primary>dp</primary><secondary>kinds</secondary></indexterm>
<indexterm><primary>kinds</primary><secondary>dp</secondary></indexterm>
<para><computeroutput>integer, parameter kinds::dp =kind(0.0D0)</computeroutput></para><para>

<para>Indicator for real double precision. </para>
</para>
<para>
Definition at line 19 of file kinds.f90.</para>
    </section><anchor xml:id="_namespacekinds_1ab9ae202470c73e48421f18653821469b"/>    <section>
    <title>qp</title>
<indexterm><primary>qp</primary><secondary>kinds</secondary></indexterm>
<indexterm><primary>kinds</primary><secondary>qp</secondary></indexterm>
<para><computeroutput>integer, parameter kinds::qp =selected_real_kind(12)</computeroutput></para><para>

<para>Indicator for real quadrupole precision. </para>
</para>
<para>
Definition at line 21 of file kinds.f90.</para>
</section>
</section>
</section>
