<?xml version='1.0' encoding='UTF-8' standalone='no'?>
<section xmlns="http://docbook.org/ns/docbook" version="5.0" xmlns:xlink="http://www.w3.org/1999/xlink" xml:id="_namespaceatomic__masses" xml:lang="en-US">
<title>atomic_masses Module Reference</title>
<indexterm><primary>atomic_masses</primary></indexterm>
<para>

<para>The module defines nuclear masses in atomic units. </para>
 
</para>
<simplesect>
    <title>Variables    </title>
        <itemizedlist>
            <listitem><para>real(kind=dp), parameter <link linkend="_namespaceatomic__masses_1acddb60850b0c67f50ab198b45f867ac0">m_hp</link> = 1836.0_dp</para>

<para>Proton mass in atomic units. </para>
</listitem>
            <listitem><para>real(kind=dp), parameter <link linkend="_namespaceatomic__masses_1a2ecdfd33d8372daf75fdbcf826fb5329">m_na</link> = 22.989769_dp</para>

<para>Na mass in atomic mass units. </para>
</listitem>
            <listitem><para>real(kind=dp), parameter <link linkend="_namespaceatomic__masses_1a520247de3042311d1f23b2615ca24b6b">m_i</link> = 126.90447_dp</para>

<para>I mass in atomic mass units. </para>
</listitem>
            <listitem><para>real(kind=dp), parameter <link linkend="_namespaceatomic__masses_1ac6029ed0a3ad87ad1492c2ec56dd3524">m_br</link> = 79.9040_dp</para>

<para>Br mass in atomic mass units. </para>
</listitem>
        </itemizedlist>
</simplesect>
<section>
<title>Detailed Description</title>

<para>The module defines nuclear masses in atomic units. </para>

<para><formalpara><title>Author</title>

<para>Federica Agostini, Institut de Chimie Physique, University Paris-Saclay. </para>
</formalpara>
</para>
</section>
<section>
<title>Variable Documentation</title>
<anchor xml:id="_namespaceatomic__masses_1ac6029ed0a3ad87ad1492c2ec56dd3524"/>    <section>
    <title>m_br</title>
<indexterm><primary>m_br</primary><secondary>atomic_masses</secondary></indexterm>
<indexterm><primary>atomic_masses</primary><secondary>m_br</secondary></indexterm>
<para><computeroutput>real(kind=dp), parameter atomic_masses::m_br = 79.9040_dp</computeroutput></para><para>

<para>Br mass in atomic mass units. </para>
</para>
<para>
Definition at line 32 of file atomic_masses.f90.</para>
    </section><anchor xml:id="_namespaceatomic__masses_1acddb60850b0c67f50ab198b45f867ac0"/>    <section>
    <title>m_hp</title>
<indexterm><primary>m_hp</primary><secondary>atomic_masses</secondary></indexterm>
<indexterm><primary>atomic_masses</primary><secondary>m_hp</secondary></indexterm>
<para><computeroutput>real(kind=dp), parameter atomic_masses::m_hp = 1836.0_dp</computeroutput></para><para>

<para>Proton mass in atomic units. </para>
</para>
<para>
Definition at line 26 of file atomic_masses.f90.</para>
    </section><anchor xml:id="_namespaceatomic__masses_1a520247de3042311d1f23b2615ca24b6b"/>    <section>
    <title>m_i</title>
<indexterm><primary>m_i</primary><secondary>atomic_masses</secondary></indexterm>
<indexterm><primary>atomic_masses</primary><secondary>m_i</secondary></indexterm>
<para><computeroutput>real(kind=dp), parameter atomic_masses::m_i = 126.90447_dp</computeroutput></para><para>

<para>I mass in atomic mass units. </para>
</para>
<para>
Definition at line 30 of file atomic_masses.f90.</para>
    </section><anchor xml:id="_namespaceatomic__masses_1a2ecdfd33d8372daf75fdbcf826fb5329"/>    <section>
    <title>m_na</title>
<indexterm><primary>m_na</primary><secondary>atomic_masses</secondary></indexterm>
<indexterm><primary>atomic_masses</primary><secondary>m_na</secondary></indexterm>
<para><computeroutput>real(kind=dp), parameter atomic_masses::m_na = 22.989769_dp</computeroutput></para><para>

<para>Na mass in atomic mass units. </para>
</para>
<para>
Definition at line 28 of file atomic_masses.f90.</para>
</section>
</section>
</section>
