<?xml version='1.0' encoding='UTF-8' standalone='no'?>
<section xmlns="http://docbook.org/ns/docbook" version="5.0" xmlns:xlink="http://www.w3.org/1999/xlink" xml:id="_namespacetime__evolution" xml:lang="en-US">
<title>time_evolution Module Reference</title>
<indexterm><primary>time_evolution</primary></indexterm>
<para>

<para>Complete time evolution of Ntraj trajectories with Ehrenfest, surface hopping and CT-MQC , along with time initialization and finalization. </para>
 
</para>
<simplesect>
    <title>Functions/Subroutines    </title>
        <itemizedlist>
            <listitem><para>subroutine <link linkend="_namespacetime__evolution_1adf197da88c58ecd1eba0f4984aaf1b48">evolution</link></para>

<para>Three algorithms are used to evolve classical nuclear trajectories along with the electronic coefficients: Ehrenfest dynamics, trajectory surface hopping and CT-MQC. </para>
</listitem>
            <listitem><para>subroutine <link linkend="_namespacetime__evolution_1afc191c30095888ec125f2655fa18bab6">input_summary</link></para>

<para>Summary of the input is written on the terminal. </para>
</listitem>
            <listitem><para>subroutine <link linkend="_namespacetime__evolution_1ae14704faae68a3ad26368714937ebbbf">initialize_local_vars</link></para>

<para>Variables used in the evolution subroutine are inizialized. </para>
</listitem>
            <listitem><para>subroutine <link linkend="_namespacetime__evolution_1aeb6d3ae23cd9aa89ba1d65e5a84674f0">finalize_local_vars</link></para>

<para>Variables used in the evolution subroutine are deallocated. </para>
</listitem>
        </itemizedlist>
</simplesect>
<simplesect>
    <title>Variables    </title>
        <itemizedlist>
            <listitem><para>real(kind=dp), dimension(:,:), allocatable <link linkend="_namespacetime__evolution_1a8b47f0e4068cefb6882176fc50bce59b">rcl</link></para>
</listitem>
            <listitem><para>real(kind=dp), dimension(:,:), allocatable <link linkend="_namespacetime__evolution_1aa8e42cd8e2cced352ccbe27d78ac6b47">vcl</link></para>
</listitem>
            <listitem><para>real(kind=dp), dimension(:), allocatable <link linkend="_namespacetime__evolution_1a31b14d710f09ad80155a285e042d6750">classical_force</link></para>
</listitem>
            <listitem><para>real(kind=dp), dimension(:), allocatable <link linkend="_namespacetime__evolution_1a5f3374bc4892ce64200ab7f8f8b1d39a">cl_action</link></para>
</listitem>
            <listitem><para>real(kind=dp), dimension(:,:,:), allocatable <link linkend="_namespacetime__evolution_1a9e6dd8baff8ee492f608ddbf065f1e55">my_force</link></para>
</listitem>
            <listitem><para>real(kind=dp), dimension(:,:,:), allocatable <link linkend="_namespacetime__evolution_1a090b86991c4ac03700524805420c1aa7">k_li</link></para>
</listitem>
            <listitem><para>real(kind=dp), dimension(:,:), allocatable <link linkend="_namespacetime__evolution_1a9a2c81343b2c3d55fb1bae9b3fa42a73">tdvp</link></para>
</listitem>
            <listitem><para>complex(kind=qp), dimension(:,:,:), allocatable <link linkend="_namespacetime__evolution_1a567b699b62120b0f5347de8dbafd3e21">bosigma</link></para>
</listitem>
            <listitem><para>complex(kind=qp), dimension(:,:), allocatable <link linkend="_namespacetime__evolution_1a0ddebfdca84add9c40ae109d996117a7">bocoeff</link></para>
</listitem>
        </itemizedlist>
</simplesect>
<section>
<title>Detailed Description</title>

<para>Complete time evolution of Ntraj trajectories with Ehrenfest, surface hopping and CT-MQC , along with time initialization and finalization. </para>

<para><formalpara><title>Author</title>

<para>Federica Agostini, Institut de Chimie Physique, University Paris-Saclay. </para>
</formalpara>
</para>
</section>
<section>
<title>Function/Subroutine Documentation</title>
<anchor xml:id="_namespacetime__evolution_1adf197da88c58ecd1eba0f4984aaf1b48"/>    <section>
    <title>evolution()</title>
<indexterm><primary>evolution</primary><secondary>time_evolution</secondary></indexterm>
<indexterm><primary>time_evolution</primary><secondary>evolution</secondary></indexterm>
<para><computeroutput>subroutine time_evolution::evolution</computeroutput></para><para>

<para>Three algorithms are used to evolve classical nuclear trajectories along with the electronic coefficients: Ehrenfest dynamics, trajectory surface hopping and CT-MQC. </para>
</para>

<para>
                <formalpara>
                    <title>
Parameters                    </title>
                    <para>
                    <table frame="all">
                        <tgroup cols="2" align="left" colsep="1" rowsep="1">
                        <colspec colwidth="1*"/>
                        <colspec colwidth="4*"/>
                        <tbody>
                            <row>
                                <entry>time</entry>
                                <entry>
<para>time step </para>
</entry>
                            </row>
                            <row>
                                <entry>itraj</entry>
                                <entry>
<para>integer index running over the Ntraj trajectories </para>
</entry>
                            </row>
                            <row>
                                <entry>i, j</entry>
                                <entry>
<para>integer indices </para>
</entry>
                            </row>
                        </tbody>
                        </tgroup>
                    </table>
                    </para>
                </formalpara>
                </para>
<para>
Definition at line 49 of file time_evolution.f90.</para>
    </section><anchor xml:id="_namespacetime__evolution_1aeb6d3ae23cd9aa89ba1d65e5a84674f0"/>    <section>
    <title>finalize_local_vars()</title>
<indexterm><primary>finalize_local_vars</primary><secondary>time_evolution</secondary></indexterm>
<indexterm><primary>time_evolution</primary><secondary>finalize_local_vars</secondary></indexterm>
<para><computeroutput>subroutine time_evolution::finalize_local_vars</computeroutput></para><para>

<para>Variables used in the evolution subroutine are deallocated. </para>
</para>

<para>
                <formalpara>
                    <title>
Parameters                    </title>
                    <para>
                    <table frame="all">
                        <tgroup cols="2" align="left" colsep="1" rowsep="1">
                        <colspec colwidth="1*"/>
                        <colspec colwidth="4*"/>
                        <tbody>
                            <row>
                                <entry>check</entry>
                                <entry>
<para>control factor for deallocation errors </para>
</entry>
                            </row>
                        </tbody>
                        </tgroup>
                    </table>
                    </para>
                </formalpara>
                </para>
<para>
Definition at line 223 of file time_evolution.f90.</para>
    </section><anchor xml:id="_namespacetime__evolution_1ae14704faae68a3ad26368714937ebbbf"/>    <section>
    <title>initialize_local_vars()</title>
<indexterm><primary>initialize_local_vars</primary><secondary>time_evolution</secondary></indexterm>
<indexterm><primary>time_evolution</primary><secondary>initialize_local_vars</secondary></indexterm>
<para><computeroutput>subroutine time_evolution::initialize_local_vars</computeroutput></para><para>

<para>Variables used in the evolution subroutine are inizialized. </para>
</para>

<para>
                <formalpara>
                    <title>
Parameters                    </title>
                    <para>
                    <table frame="all">
                        <tgroup cols="2" align="left" colsep="1" rowsep="1">
                        <colspec colwidth="1*"/>
                        <colspec colwidth="4*"/>
                        <tbody>
                            <row>
                                <entry>itraj</entry>
                                <entry>
<para>integer index running over the Ntraj trajectories </para>
</entry>
                            </row>
                            <row>
                                <entry>i, j</entry>
                                <entry>
<para>integer indices </para>
</entry>
                            </row>
                        </tbody>
                        </tgroup>
                    </table>
                    </para>
                </formalpara>
                </para>
<para>
Definition at line 181 of file time_evolution.f90.</para>
    </section><anchor xml:id="_namespacetime__evolution_1afc191c30095888ec125f2655fa18bab6"/>    <section>
    <title>input_summary()</title>
<indexterm><primary>input_summary</primary><secondary>time_evolution</secondary></indexterm>
<indexterm><primary>time_evolution</primary><secondary>input_summary</secondary></indexterm>
<para><computeroutput>subroutine time_evolution::input_summary</computeroutput></para><para>

<para>Summary of the input is written on the terminal. </para>
</para>
<para>
Definition at line 151 of file time_evolution.f90.</para>
</section>
</section>
<section>
<title>Variable Documentation</title>
<anchor xml:id="_namespacetime__evolution_1a0ddebfdca84add9c40ae109d996117a7"/>    <section>
    <title>bocoeff</title>
<indexterm><primary>bocoeff</primary><secondary>time_evolution</secondary></indexterm>
<indexterm><primary>time_evolution</primary><secondary>bocoeff</secondary></indexterm>
<para><computeroutput>complex(kind=qp), dimension(:,:), allocatable time_evolution::bocoeff</computeroutput></para><para>
Definition at line 36 of file time_evolution.f90.</para>
    </section><anchor xml:id="_namespacetime__evolution_1a567b699b62120b0f5347de8dbafd3e21"/>    <section>
    <title>bosigma</title>
<indexterm><primary>bosigma</primary><secondary>time_evolution</secondary></indexterm>
<indexterm><primary>time_evolution</primary><secondary>bosigma</secondary></indexterm>
<para><computeroutput>complex(kind=qp), dimension(:,:,:), allocatable time_evolution::bosigma</computeroutput></para><para>
Definition at line 35 of file time_evolution.f90.</para>
    </section><anchor xml:id="_namespacetime__evolution_1a5f3374bc4892ce64200ab7f8f8b1d39a"/>    <section>
    <title>cl_action</title>
<indexterm><primary>cl_action</primary><secondary>time_evolution</secondary></indexterm>
<indexterm><primary>time_evolution</primary><secondary>cl_action</secondary></indexterm>
<para><computeroutput>real(kind=dp), dimension(:), allocatable time_evolution::cl_action</computeroutput></para><para>
Definition at line 32 of file time_evolution.f90.</para>
    </section><anchor xml:id="_namespacetime__evolution_1a31b14d710f09ad80155a285e042d6750"/>    <section>
    <title>classical_force</title>
<indexterm><primary>classical_force</primary><secondary>time_evolution</secondary></indexterm>
<indexterm><primary>time_evolution</primary><secondary>classical_force</secondary></indexterm>
<para><computeroutput>real(kind=dp), dimension(:), allocatable time_evolution::classical_force</computeroutput></para><para>
Definition at line 32 of file time_evolution.f90.</para>
    </section><anchor xml:id="_namespacetime__evolution_1a090b86991c4ac03700524805420c1aa7"/>    <section>
    <title>k_li</title>
<indexterm><primary>k_li</primary><secondary>time_evolution</secondary></indexterm>
<indexterm><primary>time_evolution</primary><secondary>k_li</secondary></indexterm>
<para><computeroutput>real(kind=dp), dimension(:,:,:), allocatable time_evolution::k_li</computeroutput></para><para>
Definition at line 34 of file time_evolution.f90.</para>
    </section><anchor xml:id="_namespacetime__evolution_1a9e6dd8baff8ee492f608ddbf065f1e55"/>    <section>
    <title>my_force</title>
<indexterm><primary>my_force</primary><secondary>time_evolution</secondary></indexterm>
<indexterm><primary>time_evolution</primary><secondary>my_force</secondary></indexterm>
<para><computeroutput>real(kind=dp), dimension(:,:,:), allocatable time_evolution::my_force</computeroutput></para><para>
Definition at line 34 of file time_evolution.f90.</para>
    </section><anchor xml:id="_namespacetime__evolution_1a8b47f0e4068cefb6882176fc50bce59b"/>    <section>
    <title>rcl</title>
<indexterm><primary>rcl</primary><secondary>time_evolution</secondary></indexterm>
<indexterm><primary>time_evolution</primary><secondary>rcl</secondary></indexterm>
<para><computeroutput>real(kind=dp), dimension(:,:), allocatable time_evolution::rcl</computeroutput></para><para>
Definition at line 32 of file time_evolution.f90.</para>
    </section><anchor xml:id="_namespacetime__evolution_1a9a2c81343b2c3d55fb1bae9b3fa42a73"/>    <section>
    <title>tdvp</title>
<indexterm><primary>tdvp</primary><secondary>time_evolution</secondary></indexterm>
<indexterm><primary>time_evolution</primary><secondary>tdvp</secondary></indexterm>
<para><computeroutput>real(kind=dp), dimension(:,:), allocatable time_evolution::tdvp</computeroutput></para><para>
Definition at line 34 of file time_evolution.f90.</para>
    </section><anchor xml:id="_namespacetime__evolution_1aa8e42cd8e2cced352ccbe27d78ac6b47"/>    <section>
    <title>vcl</title>
<indexterm><primary>vcl</primary><secondary>time_evolution</secondary></indexterm>
<indexterm><primary>time_evolution</primary><secondary>vcl</secondary></indexterm>
<para><computeroutput>real(kind=dp), dimension(:,:), allocatable time_evolution::vcl</computeroutput></para><para>
Definition at line 32 of file time_evolution.f90.</para>
</section>
</section>
</section>
