<?xml version='1.0' encoding='UTF-8' standalone='no'?>
<section xmlns="http://docbook.org/ns/docbook" version="5.0" xmlns:xlink="http://www.w3.org/1999/xlink" xml:id="_output_8f90" xml:lang="en-US">
<title>/Users/agostini/Documents/RELEASED_GCTMQC/g-ctmqc/src/output.f90 File Reference</title>
<indexterm><primary>/Users/agostini/Documents/RELEASED_GCTMQC/g-ctmqc/src/output.f90</primary></indexterm>
<simplesect>
    <title>Modules    </title>
        <itemizedlist>
            <listitem><para>module <link linkend="_namespaceoutput">output</link></para>

<para>Output subroutines that print: electronic populations and coherences as functions of time; electronic coefficients as functions of positions at different time steps; positions, momenta and energies at different time steps. </para>
</listitem>
        </itemizedlist>
</simplesect>
<simplesect>
    <title>Functions/Subroutines    </title>
        <itemizedlist>
            <listitem><para>subroutine <link linkend="_namespaceoutput_1a97d7611603ef98cdf4434e93ae5ea38d">output::plot</link> (BOsigma, Rcl, Vcl, time)</para>

<para>Subroutine which writes electronic populations and coherences in output and calls additional output subroutines. </para>
</listitem>
            <listitem><para>subroutine <link linkend="_namespaceoutput_1ac9b4106993ba0f3f342033fbb3965daa">output::plot_coefficients</link> (BOsigma, Rcl, time)</para>

<para>Subroutine which writes electronic coeffecients as functions of the trajectory positions at some selected time steps along the dynamics. </para>
</listitem>
            <listitem><para>subroutine <link linkend="_namespaceoutput_1ab306200f08bbb52e685f616adb4ed5ec">output::plot_r_p_e</link> (Rcl, Vcl, time)</para>

<para>Subroutine which writes electronic coeffecients as functions of the trajectory positions at some selected time steps along the dynamics. </para>
</listitem>
            <listitem><para>subroutine <link linkend="_namespaceoutput_1a3d2caef916d021721f8eb6529aac2b4f">output::compute_energy</link> (my_rho, e_BO, trajlabel)</para>

<para>The subroutine computes the expectation value of the electronic Hamiltonian on the time-dependent electronic wavefunction, yielding the gauge-invariant part of the TDPES in CT-MQC or the mean Ehrenfest potential. </para>
</listitem>
            <listitem><para>subroutine <link linkend="_namespaceoutput_1a86836a6f446885d459f048a9c0f393fb">output::initialize_output</link></para>

<para>The files where electronic populations and coherences are written are opened in this subroutine. </para>
</listitem>
            <listitem><para>subroutine <link linkend="_namespaceoutput_1aaa0414cf8105658e81912a3a41d752cb">output::finalize_output</link></para>

<para>The files where electronic populations and coherences are written are closed in this subroutine. </para>
</listitem>
        </itemizedlist>
</simplesect>
</section>
