<?xml version='1.0' encoding='UTF-8' standalone='no'?>
<section xmlns="http://docbook.org/ns/docbook" version="5.0" xmlns:xlink="http://www.w3.org/1999/xlink" xml:id="_semiclassics_8f90" xml:lang="en-US">
<title>/Users/agostini/Documents/RELEASED_GCTMQC/g-ctmqc/src/semiclassics.f90 File Reference</title>
<indexterm><primary>/Users/agostini/Documents/RELEASED_GCTMQC/g-ctmqc/src/semiclassics.f90</primary></indexterm>
<simplesect>
    <title>Modules    </title>
        <itemizedlist>
            <listitem><para>module <link linkend="_namespacesemiclassics">semiclassics</link></para>

<para>Calculation of the classical action along a trajectory by integrating the lagrangian over time. </para>
</listitem>
        </itemizedlist>
</simplesect>
<simplesect>
    <title>Functions/Subroutines    </title>
        <itemizedlist>
            <listitem><para>subroutine <link linkend="_namespacesemiclassics_1a173e20d4cb337cb8e7bd8a6f55bd5a12">semiclassics::action_calculation</link> (Vcl, my_rho, e_BO, cl_action, tdvp)</para>

<para>The classical lagrangian of each trajectory is accumulated over time to compute the classical action. </para>
</listitem>
        </itemizedlist>
</simplesect>
</section>
