<?xml version='1.0' encoding='UTF-8' standalone='no'?>
<section xmlns="http://docbook.org/ns/docbook" version="5.0" xmlns:xlink="http://www.w3.org/1999/xlink" xml:id="_shopping_8f90" xml:lang="en-US">
<title>/Users/agostini/Documents/RELEASED_GCTMQC/g-ctmqc/src/shopping.f90 File Reference</title>
<indexterm><primary>/Users/agostini/Documents/RELEASED_GCTMQC/g-ctmqc/src/shopping.f90</primary></indexterm>
<simplesect>
    <title>Modules    </title>
        <itemizedlist>
            <listitem><para>module <link linkend="_namespaceshopping">shopping</link></para>

<para>Surface hopping tools to compute the hop probability, the active state the energy rescaling after the hop, and the energy decoherence correction. </para>
</listitem>
        </itemizedlist>
</simplesect>
<simplesect>
    <title>Functions/Subroutines    </title>
        <itemizedlist>
            <listitem><para>subroutine <link linkend="_namespaceshopping_1a337e7b61b2198ac64f3e6ee8a26abee6">shopping::hopping</link> (my_rho, v, r, trajlabel)</para>

<para>The hopping probability for the surface hopping procedure is computed according to the fewest switches procedure. </para>
</listitem>
            <listitem><para>subroutine <link linkend="_namespaceshopping_1a23aaf41ee81dc0ce7779fa60ff5bca75">shopping::choose_bostate</link> (v, hop_prob, trajlabel)</para>

<para>According to the fewest switches algorithm, the new active state is selected. </para>
</listitem>
            <listitem><para>subroutine <link linkend="_namespaceshopping_1ada8f3a7445deb0d07a5a8b43bb6f92c0">shopping::momentum_correction</link> (v, old_occ_state, trajlabel)</para>

<para>Nuclear velocities are rescaled along the direction of the non-adiabatic couplings to impose energy conservation in case a hop to a new potential energy surface has occured. </para>
</listitem>
            <listitem><para>subroutine <link linkend="_namespaceshopping_1a1e73fe534aa7891ff431291c94ab2a16">shopping::decoherence_coorection</link> (coeff, v, trajlabel)</para>

<para>Energy decoherence corrections are applied to surface hopping coefficients according to Granucci and Persico JCP 2007 DOI: 10.1063/1.2715585. </para>
</listitem>
        </itemizedlist>
</simplesect>
</section>
