<?xml version='1.0' encoding='UTF-8' standalone='no'?>
<section xmlns="http://docbook.org/ns/docbook" version="5.0" xmlns:xlink="http://www.w3.org/1999/xlink" xml:id="_time__evolution_8f90" xml:lang="en-US">
<title>/Users/agostini/Documents/RELEASED_GCTMQC/g-ctmqc/src/time_evolution.f90 File Reference</title>
<indexterm><primary>/Users/agostini/Documents/RELEASED_GCTMQC/g-ctmqc/src/time_evolution.f90</primary></indexterm>
<simplesect>
    <title>Modules    </title>
        <itemizedlist>
            <listitem><para>module <link linkend="_namespacetime__evolution">time_evolution</link></para>

<para>Complete time evolution of Ntraj trajectories with Ehrenfest, surface hopping and CT-MQC , along with time initialization and finalization. </para>
</listitem>
        </itemizedlist>
</simplesect>
<simplesect>
    <title>Functions/Subroutines    </title>
        <itemizedlist>
            <listitem><para>subroutine <link linkend="_namespacetime__evolution_1adf197da88c58ecd1eba0f4984aaf1b48">time_evolution::evolution</link></para>

<para>Three algorithms are used to evolve classical nuclear trajectories along with the electronic coefficients: Ehrenfest dynamics, trajectory surface hopping and CT-MQC. </para>
</listitem>
            <listitem><para>subroutine <link linkend="_namespacetime__evolution_1afc191c30095888ec125f2655fa18bab6">time_evolution::input_summary</link></para>

<para>Summary of the input is written on the terminal. </para>
</listitem>
            <listitem><para>subroutine <link linkend="_namespacetime__evolution_1ae14704faae68a3ad26368714937ebbbf">time_evolution::initialize_local_vars</link></para>

<para>Variables used in the evolution subroutine are inizialized. </para>
</listitem>
            <listitem><para>subroutine <link linkend="_namespacetime__evolution_1aeb6d3ae23cd9aa89ba1d65e5a84674f0">time_evolution::finalize_local_vars</link></para>

<para>Variables used in the evolution subroutine are deallocated. </para>
</listitem>
        </itemizedlist>
</simplesect>
<simplesect>
    <title>Variables    </title>
        <itemizedlist>
            <listitem><para>real(kind=dp), dimension(:,:), allocatable <link linkend="_namespacetime__evolution_1a8b47f0e4068cefb6882176fc50bce59b">time_evolution::rcl</link></para>
</listitem>
            <listitem><para>real(kind=dp), dimension(:,:), allocatable <link linkend="_namespacetime__evolution_1aa8e42cd8e2cced352ccbe27d78ac6b47">time_evolution::vcl</link></para>
</listitem>
            <listitem><para>real(kind=dp), dimension(:), allocatable <link linkend="_namespacetime__evolution_1a31b14d710f09ad80155a285e042d6750">time_evolution::classical_force</link></para>
</listitem>
            <listitem><para>real(kind=dp), dimension(:), allocatable <link linkend="_namespacetime__evolution_1a5f3374bc4892ce64200ab7f8f8b1d39a">time_evolution::cl_action</link></para>
</listitem>
            <listitem><para>real(kind=dp), dimension(:,:,:), allocatable <link linkend="_namespacetime__evolution_1a9e6dd8baff8ee492f608ddbf065f1e55">time_evolution::my_force</link></para>
</listitem>
            <listitem><para>real(kind=dp), dimension(:,:,:), allocatable <link linkend="_namespacetime__evolution_1a090b86991c4ac03700524805420c1aa7">time_evolution::k_li</link></para>
</listitem>
            <listitem><para>real(kind=dp), dimension(:,:), allocatable <link linkend="_namespacetime__evolution_1a9a2c81343b2c3d55fb1bae9b3fa42a73">time_evolution::tdvp</link></para>
</listitem>
            <listitem><para>complex(kind=qp), dimension(:,:,:), allocatable <link linkend="_namespacetime__evolution_1a567b699b62120b0f5347de8dbafd3e21">time_evolution::bosigma</link></para>
</listitem>
            <listitem><para>complex(kind=qp), dimension(:,:), allocatable <link linkend="_namespacetime__evolution_1a0ddebfdca84add9c40ae109d996117a7">time_evolution::bocoeff</link></para>
</listitem>
        </itemizedlist>
</simplesect>
</section>
