<?xml version='1.0' encoding='UTF-8' standalone='no'?>
<section xmlns="http://docbook.org/ns/docbook" version="5.0" xmlns:xlink="http://www.w3.org/1999/xlink" xml:id="_tools_8f90" xml:lang="en-US">
<title>/Users/agostini/Documents/RELEASED_GCTMQC/g-ctmqc/src/tools.f90 File Reference</title>
<indexterm><primary>/Users/agostini/Documents/RELEASED_GCTMQC/g-ctmqc/src/tools.f90</primary></indexterm>
<simplesect>
    <title>Modules    </title>
        <itemizedlist>
            <listitem><para>module <link linkend="_namespacetools">tools</link></para>

<para>Numerical tools for initialization and finalization of the dynamically-allocated vectors, along with initialization of random numbers generators. </para>
</listitem>
        </itemizedlist>
</simplesect>
<simplesect>
    <title>Functions/Subroutines    </title>
        <itemizedlist>
            <listitem><para>subroutine <link linkend="_namespacetools_1a4b9108e3805bcce9a45fa4557c0322b6">tools::initialize_dynamics_vars</link></para>

<para>Initialization of dynamics variables. </para>
</listitem>
            <listitem><para>subroutine <link linkend="_namespacetools_1ae7335914dc8a02a5ac7b2786d96263cd">tools::initialize_trajectory_vars</link></para>

<para>Initialization of trajectory variables. </para>
</listitem>
            <listitem><para>subroutine <link linkend="_namespacetools_1a344621a80584ed041d6abf32851fbb3c">tools::finalize</link></para>

<para>Deallocation of dynamically-allocayed arrays. </para>
</listitem>
            <listitem><para>subroutine <link linkend="_namespacetools_1a36383c074ddfd2d1ad7a4deedd095d31">tools::generate_random_seed</link></para>

<para>Inizialization of random number generator for the initial conditions. </para>
</listitem>
            <listitem><para>subroutine <link linkend="_namespacetools_1aa0f1f6549316781a94605e9cdbac3b7f">tools::generate_random_seed_hop</link></para>

<para>Inizialization of random number generator for the trajectory hops. </para>
</listitem>
        </itemizedlist>
</simplesect>
</section>
