<?xml version='1.0' encoding='UTF-8' standalone='no'?>
<section xmlns="http://docbook.org/ns/docbook" version="5.0" xmlns:xlink="http://www.w3.org/1999/xlink" xml:id="_variables_8f90" xml:lang="en-US">
<title>/Users/agostini/Documents/RELEASED_GCTMQC/g-ctmqc/src/variables.f90 File Reference</title>
<indexterm><primary>/Users/agostini/Documents/RELEASED_GCTMQC/g-ctmqc/src/variables.f90</primary></indexterm>
<simplesect>
    <title>Modules    </title>
        <itemizedlist>
            <listitem><para>module <link linkend="_namespacevariables">variables</link></para>

<para>The module defines all common variables. </para>
</listitem>
        </itemizedlist>
</simplesect>
<simplesect>
    <title>Variables    </title>
        <itemizedlist>
            <listitem><para>real(kind=dp), parameter <link linkend="_namespacevariables_1a4f7c4b76127660a6ab1b9c2d0ced2757">variables::hbar</link> = 1.0_dp</para>

<para>Reduced Planck constant. </para>
</listitem>
            <listitem><para>real(kind=dp), parameter <link linkend="_namespacevariables_1ab23eef0a897c91d12e4c94e471d25eac">variables::zero</link> = 0.0000000010_dp</para>

<para>&quot;Numerical&quot; zero </para>
</listitem>
            <listitem><para>real(kind=dp), parameter <link linkend="_namespacevariables_1aad566c0f8837376d5b5051540367006d">variables::au_to_ang</link> = 0.52917721067121_dp</para>

<para>Conversion factor from bohr to angstrom. </para>
</listitem>
            <listitem><para>real(kind=dp), parameter <link linkend="_namespacevariables_1ad100d946666356c0f02a244f2e27e1d9">variables::au_to_ev</link> = 27.2114_dp</para>

<para>Conversion factor from Hartree to electronvolts. </para>
</listitem>
            <listitem><para>real(kind=dp), parameter <link linkend="_namespacevariables_1ac8922cdc14c4f71ec5f1dabc122ea80d">variables::amu_to_au</link> = 1836.0_dp</para>

<para>Conversion factor from atomic mass units to atomic units. </para>
</listitem>
            <listitem><para>complex(kind=qp) <link linkend="_namespacevariables_1ac09a56a235e6e5aaebd2ea6ee32188dd">variables::im_unit</link> = (0.0_dp, 1.0_dp)</para>

<para>Imaginary unit. </para>
</listitem>
            <listitem><para>real(kind=dp) <link linkend="_namespacevariables_1ac8f8cd80af682db3e55c7b3bcefd78e6">variables::pi</link> = 3.14159265359_dp</para>

<para>pi </para>
</listitem>
            <listitem><para>character(len=5) <link linkend="_namespacevariables_1acd07b1bc8413f60cb431816163d6a0e7">variables::typ_cal</link> = &quot;EHREN&quot;</para>

<para>Type of dynamics that is executed: EHREN for Ehrenfest dynamics, TSHLZ for surface hopping with Landau-Zener hopping probability, TSHFS for surface hopping with fewest-switches hopping probability, CTMQC for CT-MQC, read in input. </para>
</listitem>
            <listitem><para>character(len=100) <link linkend="_namespacevariables_1a7986629993fb0d34559b416ad7f87292">variables::model_potential</link> = &quot;unknown&quot;</para>

<para>Name of the model potential as it is defined in QuantumModelLib, read in input. </para>
</listitem>
            <listitem><para>integer <link linkend="_namespacevariables_1a8b6dcca1275e70e8632e27d1a246883f">variables::option</link> = 1</para>

<para>Only used for Tully models and can be 1, 2, or 3, read in input. </para>
</listitem>
            <listitem><para>logical <link linkend="_namespacevariables_1a3834e5921df11cbddfa2c96ccda4bd08">variables::new_potential</link> = .FALSE.</para>

<para>It is FALSE if the QuantumModelLib potential library is used; it is TRUE if the potentials in <link linkend="_analytical__potentials_8f90">analytical_potentials.f90</link> are used, read in input. </para>
</listitem>
            <listitem><para>integer <link linkend="_namespacevariables_1a668867c2ac7e34a0663f1915b2165387">variables::n_dof</link> = 1</para>

<para>Number of degrees of nuclear freedom, read in input. </para>
</listitem>
            <listitem><para>integer <link linkend="_namespacevariables_1af011425a070282cdf4f7869cc91b2e7c">variables::nstates</link> = 2</para>

<para>Number of electronic states, read in input. </para>
</listitem>
            <listitem><para>integer <link linkend="_namespacevariables_1a836f9ab38c17f0326b50b960414bbe66">variables::npairs</link> = 1</para>

<para>Number of pairs of electronic states. </para>
</listitem>
            <listitem><para>logical, dimension(100) <link linkend="_namespacevariables_1af3a802c960ad30a6d3a9051be122c45e">variables::periodic_variable</link> = .FALSE.</para>

<para>It is TRUE for each periodic nuclear coordinate, read in input. </para>
</listitem>
            <listitem><para>real(kind=dp), dimension(100) <link linkend="_namespacevariables_1a3fe769ab8229f34d093882ebc9446765">variables::periodicity</link> = 0.0_dp</para>

<para>Periodicity of the correspoding nuclear nuclear coordinate in unit of pi, read in input. </para>
</listitem>
            <listitem><para>character(len=2) <link linkend="_namespacevariables_1a444e15df2d8c65636cef6aec1c7e7af3">variables::type_deco</link> = &quot;&quot;</para>

<para>Type of decoherence scheme applied on surface hooping: CT based on coupled trajectories and on quantum momentum, ED which is the energy-decoherence correction, read in input. </para>
</listitem>
            <listitem><para>real(kind=dp) <link linkend="_namespacevariables_1ad3352953ff5eccddec7ebb9ae9a866b3">variables::c_parameter</link> = 0.1_dp</para>

<para>Value of the parameter C in the energy-decoherence correction used in surface hopping, read in input. </para>
</listitem>
            <listitem><para>integer <link linkend="_namespacevariables_1a149d7da8cd6d060ce7e448e7b1c0d579">variables::jump_seed</link> = -100</para>

<para>Seed for the random number generator used for the probability jump is surface hopping, read in input. </para>
</listitem>
            <listitem><para>integer <link linkend="_namespacevariables_1ad5868a222f4b3b059586dc101d59e051">variables::initial_condition_seed</link> = -100</para>

<para>Seed for the random number generator used for the selection of initial conditions, read in input. </para>
</listitem>
            <listitem><para>real(kind=dp) <link linkend="_namespacevariables_1a1ae63226ec18c8ec6ba7e4f5c763781f">variables::adia_nrg_gap</link> = 10000.0D0</para>

<para>Energy treshold to compute the non-adiabatic coupling vectors for the classical force. </para>
</listitem>
            <listitem><para>logical <link linkend="_namespacevariables_1a773129925702c06b767ee5948e6d8369">variables::nrg_check</link> = .FALSE.</para>

<para>It is TRUE if the spin-orbit coupling is switched-off when the energy gap between spin-diabatic states is above a certain treshold, read in input. </para>
</listitem>
            <listitem><para>real(kind=dp) <link linkend="_namespacevariables_1a0ffb326d7311be33ba677ed84d5b6ba4">variables::nrg_gap</link> = 10000.0D0</para>

<para>Energy treshold to switch-off the spin-orbit coupling, read in input. </para>
</listitem>
            <listitem><para>logical <link linkend="_namespacevariables_1ab043484be6fb6d8c4ad8598b38118394">variables::spin_dia</link> = .FALSE.</para>

<para>It is TRUE when the spin-diabatic basis is used in CT-MQC, read in input. </para>
</listitem>
            <listitem><para>logical <link linkend="_namespacevariables_1a610698c08f69dd42fe82f46c85dc5538">variables::qmom_force</link> = .TRUE.</para>

<para>It is TRUE when quantum-momentum force is used in CT-MQC, read in input. </para>
</listitem>
            <listitem><para>real(kind=dp), dimension(100) <link linkend="_namespacevariables_1af92d991704258f8297b8b198e53135f3">variables::m_parameter</link> = 10.0_dp</para>

<para>M_parameter is used only when cl_qmom = TRUE to determine &quot;how far&quot; each trajectory has to search to find its neighbours, read in input. </para>
</listitem>
            <listitem><para>real(kind=dp) <link linkend="_namespacevariables_1a04a20627dc53fd751d742d6432dbec4f">variables::dt</link> = 0.1_dp</para>

<para>Time step, read in input. </para>
</listitem>
            <listitem><para>real(kind=dp) <link linkend="_namespacevariables_1a40aad0c031e023db50cf3038bacdfc96">variables::final_time</link> = 0.0_dp</para>

<para>Length of the simulations, read in input. </para>
</listitem>
            <listitem><para>real(kind=dp), dimension(100) <link linkend="_namespacevariables_1a69578646e2aa0d32889120d5b8359110">variables::r_init</link></para>

<para>Mean positions to initialize nuclear positions, read in input. </para>
</listitem>
            <listitem><para>real(kind=dp), dimension(100) <link linkend="_namespacevariables_1a9cd0eab367bc3601efcf4bf89c26af6a">variables::k_init</link></para>

<para>Mean momenta to initialize nuclear momenta, read in input. </para>
</listitem>
            <listitem><para>real(kind=dp), dimension(100) <link linkend="_namespacevariables_1a7c9d49f132811737854b272426c79008">variables::mass_input</link> = 0.0_dp</para>

<para>Nuclear masses, read in input. </para>
</listitem>
            <listitem><para>real(kind=dp), dimension(100) <link linkend="_namespacevariables_1ae25d2599dbf45a48a5bcf469c3d17ec8">variables::sigmar_init</link></para>

<para>Position variances to initialize nuclear positions, read in input. </para>
</listitem>
            <listitem><para>real(kind=dp), dimension(100) <link linkend="_namespacevariables_1aba9995d51a0298c8111345f0a656b16c">variables::sigmap_init</link> = -100.0_dp</para>

<para>Momentum variances to initialize nuclear momenta, only necessary for non-Wigner sampling, read in input. </para>
</listitem>
            <listitem><para>integer <link linkend="_namespacevariables_1a8995c056c032e0032610f890f8ccc59d">variables::ntraj</link> = 100</para>

<para>Number of nuclear trajectories, read in input. </para>
</listitem>
            <listitem><para>integer <link linkend="_namespacevariables_1a55efc2aa607a220f981be3b6fa94a1d0">variables::nsteps</link> = 100</para>

<para>Total number of dynamics time steps. </para>
</listitem>
            <listitem><para>integer <link linkend="_namespacevariables_1ac2dd52281771ef47435419abdbdc1a7a">variables::dump</link> = 1</para>

<para>Number of time steps after which the output is dumped, read in input. </para>
</listitem>
            <listitem><para>integer <link linkend="_namespacevariables_1ab1fb39e04d1c36e17fc4c952108b015f">variables::initial_bostate</link> = 1</para>

<para>Initial electronic state, read in input. </para>
</listitem>
            <listitem><para>real(kind=dp), dimension(:), allocatable <link linkend="_namespacevariables_1adbab92a50e7cdee9a6e5c6aae5e315df">variables::r0</link></para>

<para>Mean nuclear positions. </para>
</listitem>
            <listitem><para>real(kind=dp), dimension(:), allocatable <link linkend="_namespacevariables_1ac899ae2f2df0c3aa9e5d99c6ba034fda">variables::r02</link></para>

<para>Mean nuclear positions squared. </para>
</listitem>
            <listitem><para>real(kind=dp), dimension(:), allocatable <link linkend="_namespacevariables_1a2baa17a4e682051a99a5a9aae3fef710">variables::k0</link></para>

<para>Mean nuclear momenta. </para>
</listitem>
            <listitem><para>real(kind=dp), dimension(:), allocatable <link linkend="_namespacevariables_1abc7d9f91b11cface87a798188bfa8de5">variables::period</link></para>

<para>Periodicity of the periodic nuclear nuclear coordinate in unit of pi. </para>
</listitem>
            <listitem><para>logical, dimension(:), allocatable <link linkend="_namespacevariables_1ab398c69cdb91e1c214f4c55dda9aaf9f">variables::periodic_in</link></para>

<para>It is TRUE for each periodic nuclear coordinate. </para>
</listitem>
            <listitem><para>real(kind=dp), dimension(:), allocatable <link linkend="_namespacevariables_1aa7131651bfffd1fdaff88b51a2abd678">variables::mass</link></para>

<para>Nuclear masses. </para>
</listitem>
            <listitem><para>real(kind=dp), dimension(:), allocatable <link linkend="_namespacevariables_1a52086073bad64f461333d8f6b0381eb0">variables::sigma</link></para>

<para>Position variances to initialize nuclear positions. </para>
</listitem>
            <listitem><para>real(kind=dp), dimension(:), allocatable <link linkend="_namespacevariables_1a8fb4033efb4387a7058333d13806444d">variables::var_momentum</link></para>

<para>Momentum variances to initialize nuclear momenta. </para>
</listitem>
            <listitem><para>real(kind=dp), dimension(:,:,:), allocatable <link linkend="_namespacevariables_1a2545c7aae8865e43afa2222be48b3762">variables::boforce</link></para>

<para>Gradients of the electronic energies, either adiabatic or spin-(a)diabatic. </para>
</listitem>
            <listitem><para>real(kind=dp), dimension(:,:,:,:), allocatable <link linkend="_namespacevariables_1a7a298857dffd47b31fa1c97cdd1f4d78">variables::coup</link></para>

<para>Non-adiabatic couplings. </para>
</listitem>
            <listitem><para>complex(kind=qp), dimension(:,:,:), allocatable <link linkend="_namespacevariables_1adb5e68519739d37f48ee0d140fb9b63f">variables::coup_so</link></para>

<para>Spin-orbit coupling. </para>
</listitem>
            <listitem><para>real(kind=dp), dimension(:,:), allocatable <link linkend="_namespacevariables_1a767fd537b71696ddaa20d6e81d503756">variables::boenergy</link></para>

<para>Electronic energies, either adiabatic or spin-(a)diabatic. </para>
</listitem>
            <listitem><para>real(kind=dp), dimension(:), allocatable <link linkend="_namespacevariables_1a2a73e8becd0149734da585f50a1d47bb">variables::bo_pop</link></para>

<para>Populations of the electronic states computed from the electronic coefficients. </para>
</listitem>
            <listitem><para>real(kind=dp), dimension(:), allocatable <link linkend="_namespacevariables_1a01a9d3567cc98f502a8e010d52c19297">variables::bo_pop_sh</link></para>

<para>Populations of the electronic states computed in surface hopping as the ratio of trajectories running in each state over the total number of trajectories. </para>
</listitem>
            <listitem><para>real(kind=dp), dimension(:), allocatable <link linkend="_namespacevariables_1afb6f8c4aeabffd06a2f747ba356ee4ca">variables::bo_coh</link></para>

<para>Electronic coherences. </para>
</listitem>
            <listitem><para>real(kind=dp), dimension(:,:), allocatable <link linkend="_namespacevariables_1a5543ce933ba875fb285c8f593b608377">variables::initial_positions</link></para>

<para>Initial nuclear positions. </para>
</listitem>
            <listitem><para>real(kind=dp), dimension(:,:), allocatable <link linkend="_namespacevariables_1ac2ee0b3f3771e6aea98fada2bfab02ac">variables::initial_momenta</link></para>

<para>Initial nuclear momenta. </para>
</listitem>
            <listitem><para>real(kind=dp), dimension(:), allocatable <link linkend="_namespacevariables_1a99f474690efde6532bcd05bb72366dee">variables::weight</link></para>

<para>Weight of each trajectory (usually it is equal to unity) </para>
</listitem>
            <listitem><para>real(kind=dp), dimension(:), allocatable <link linkend="_namespacevariables_1ac4c8578ccf88450e0247d06aff091871">variables::tdpes</link></para>

<para>Gauge invariant part of the TDPES in CT-MQC calculation and mean Ehrenfest potential in Ehrenfest dynamics. </para>
</listitem>
            <listitem><para>real(kind=dp), dimension(:), allocatable <link linkend="_namespacevariables_1a915d7262ff7c820f1d4f5dfd73bacb46">variables::density</link></para>

<para>Nuclear density. </para>
</listitem>
            <listitem><para>integer, dimension(:), allocatable <link linkend="_namespacevariables_1ad5c48996717183560da978058f4b0e06">variables::occ_state</link></para>

<para>Active or force state in surface hopping. </para>
</listitem>
            <listitem><para>integer, dimension(:), allocatable <link linkend="_namespacevariables_1a1ea4a43be146aeac04e4232412664f5d">variables::list_coupled_trajectories</link></para>

<para>List of coupled trajectories in CT-MQC (in the current version all trajectories are coupled) </para>
</listitem>
            <listitem><para>character(len=400) <link linkend="_namespacevariables_1ab828aa682351077d000aa22678370409">variables::positions_file</link> = &quot;&quot;</para>

<para>Path to the file here initial positions are listed in case they are generated by another program, read in input. </para>
</listitem>
            <listitem><para>character(len=400) <link linkend="_namespacevariables_1a497dfe6ec833d5836b449fa765e12e99">variables::momenta_file</link> = &quot;&quot;</para>

<para>Path to the file here initial momenta are listed in case they are generated by another program, read in input. </para>
</listitem>
            <listitem><para>character(len=400) <link linkend="_namespacevariables_1ac58599b7c2bb340a4b0ac797c9184ae3">variables::output_folder</link> = &quot;./&quot;</para>

<para>Path to the directory where the output is written, read in input; note that in such directory, two sub-directories (coeff and trajectories) have to be created. </para>
</listitem>
        </itemizedlist>
</simplesect>
</section>
