<?xml version='1.0' encoding='UTF-8' standalone='no'?>
<section xmlns="http://docbook.org/ns/docbook" version="5.0" xmlns:xlink="http://www.w3.org/1999/xlink" xml:id="_wigner__distribution_8f90" xml:lang="en-US">
<title>/Users/agostini/Documents/RELEASED_GCTMQC/g-ctmqc/src/wigner_distribution.f90 File Reference</title>
<indexterm><primary>/Users/agostini/Documents/RELEASED_GCTMQC/g-ctmqc/src/wigner_distribution.f90</primary></indexterm>
<simplesect>
    <title>Modules    </title>
        <itemizedlist>
            <listitem><para>module <link linkend="_namespacewigner__distribution">wigner_distribution</link></para>

<para>Sampling of the initial conditions based on the harmonic Wigner distribution using the Box-Muller algorithm. </para>
</listitem>
        </itemizedlist>
</simplesect>
<simplesect>
    <title>Functions/Subroutines    </title>
        <itemizedlist>
            <listitem><para>subroutine <link linkend="_namespacewigner__distribution_1aa2c951a0f0f444c1e379d3071007be0d">wigner_distribution::initial_conditions</link></para>

<para>If initial conditions are not provided, they are sampled according to Gaussian distributions. </para>
</listitem>
            <listitem><para>real(kind=dp) function, dimension(my_nrand) <link linkend="_namespacewigner__distribution_1a8a2514e4fdf5f85b28b8f4839b0c9d6c">wigner_distribution::gaussian_distribution</link> (xi, nrand, var, x0, my_nrand)</para>

<para>Box-Muller transform to generate normally distributed random number starting with uniformly distributed random numbers between 0 and 1. </para>
</listitem>
        </itemizedlist>
</simplesect>
</section>
